b,z,n,warmup,operations,seed,workload,metric,threshold,exceed_count,probability,log2_inverse
8,10,512,8388608,4194304,11,cycle,post,0,4194304,1.00000000000000000,-0.000000000
8,10,512,8388608,4194304,11,cycle,post,1,4194304,1.00000000000000000,-0.000000000
8,10,512,8388608,4194304,11,cycle,post,2,4194304,1.00000000000000000,-0.000000000
8,10,512,8388608,4194304,11,cycle,post,3,4194304,1.00000000000000000,-0.000000000
8,10,512,8388608,4194304,11,cycle,post,4,4194304,1.00000000000000000,-0.000000000
8,10,512,8388608,4194304,11,cycle,post,5,4194304,1.00000000000000000,-0.000000000
8,10,512,8388608,4194304,11,cycle,post,6,4194304,1.00000000000000000,-0.000000000
8,10,512,8388608,4194304,11,cycle,post,7,4194304,1.00000000000000000,-0.000000000
8,10,512,8388608,4194304,11,cycle,post,8,4194304,1.00000000000000000,-0.000000000
8,10,512,8388608,4194304,11,cycle,post,9,4194304,1.00000000000000000,-0.000000000
8,10,512,8388608,4194304,11,cycle,post,10,4194304,1.00000000000000000,-0.000000000
8,10,512,8388608,4194304,11,cycle,post,11,4194304,1.00000000000000000,-0.000000000
8,10,512,8388608,4194304,11,cycle,post,12,4194304,1.00000000000000000,-0.000000000
8,10,512,8388608,4194304,11,cycle,post,13,4194304,1.00000000000000000,-0.000000000
8,10,512,8388608,4194304,11,cycle,post,14,4194304,1.00000000000000000,-0.000000000
8,10,512,8388608,4194304,11,cycle,post,15,4194304,1.00000000000000000,-0.000000000
8,10,512,8388608,4194304,11,cycle,post,16,4194304,1.00000000000000000,-0.000000000
8,10,512,8388608,4194304,11,cycle,post,17,4194304,1.00000000000000000,-0.000000000
8,10,512,8388608,4194304,11,cycle,post,18,4194304,1.00000000000000000,-0.000000000
8,10,512,8388608,4194304,11,cycle,post,19,4194304,1.00000000000000000,-0.000000000
8,10,512,8388608,4194304,11,cycle,post,20,4194304,1.00000000000000000,-0.000000000
8,10,512,8388608,4194304,11,cycle,post,21,4194304,1.00000000000000000,-0.000000000
8,10,512,8388608,4194304,11,cycle,post,22,4194304,1.00000000000000000,-0.000000000
8,10,512,8388608,4194304,11,cycle,post,23,4194304,1.00000000000000000,-0.000000000
8,10,512,8388608,4194304,11,cycle,post,24,4194304,1.00000000000000000,-0.000000000
8,10,512,8388608,4194304,11,cycle,post,25,4194304,1.00000000000000000,-0.000000000
8,10,512,8388608,4194304,11,cycle,post,26,4194304,1.00000000000000000,-0.000000000
8,10,512,8388608,4194304,11,cycle,post,27,4194304,1.00000000000000000,-0.000000000
8,10,512,8388608,4194304,11,cycle,post,28,4194304,1.00000000000000000,-0.000000000
8,10,512,8388608,4194304,11,cycle,post,29,4194304,1.00000000000000000,-0.000000000
8,10,512,8388608,4194304,11,cycle,post,30,4194304,1.00000000000000000,-0.000000000
8,10,512,8388608,4194304,11,cycle,post,31,4194304,1.00000000000000000,-0.000000000
8,10,512,8388608,4194304,11,cycle,post,32,4194304,1.00000000000000000,-0.000000000
8,10,512,8388608,4194304,11,cycle,post,33,4194304,1.00000000000000000,-0.000000000
8,10,512,8388608,4194304,11,cycle,post,34,4194304,1.00000000000000000,-0.000000000
8,10,512,8388608,4194304,11,cycle,post,35,4194304,1.00000000000000000,-0.000000000
8,10,512,8388608,4194304,11,cycle,post,36,4194304,1.00000000000000000,-0.000000000
8,10,512,8388608,4194304,11,cycle,post,37,4194304,1.00000000000000000,-0.000000000
8,10,512,8388608,4194304,11,cycle,post,38,4194304,1.00000000000000000,-0.000000000
8,10,512,8388608,4194304,11,cycle,post,39,4194304,1.00000000000000000,-0.000000000
8,10,512,8388608,4194304,11,cycle,post,40,4194304,1.00000000000000000,-0.000000000
8,10,512,8388608,4194304,11,cycle,post,41,4194304,1.00000000000000000,-0.000000000
8,10,512,8388608,4194304,11,cycle,post,42,4194304,1.00000000000000000,-0.000000000
8,10,512,8388608,4194304,11,cycle,post,43,4194304,1.00000000000000000,-0.000000000
8,10,512,8388608,4194304,11,cycle,post,44,4194304,1.00000000000000000,-0.000000000
8,10,512,8388608,4194304,11,cycle,post,45,4194304,1.00000000000000000,-0.000000000
8,10,512,8388608,4194304,11,cycle,post,46,4194304,1.00000000000000000,-0.000000000
8,10,512,8388608,4194304,11,cycle,post,47,4194304,1.00000000000000000,-0.000000000
8,10,512,8388608,4194304,11,cycle,post,48,4194304,1.00000000000000000,-0.000000000
8,10,512,8388608,4194304,11,cycle,post,49,4194304,1.00000000000000000,-0.000000000
8,10,512,8388608,4194304,11,cycle,post,50,4194304,1.00000000000000000,-0.000000000
8,10,512,8388608,4194304,11,cycle,post,51,4194304,1.00000000000000000,-0.000000000
8,10,512,8388608,4194304,11,cycle,post,52,4194304,1.00000000000000000,-0.000000000
8,10,512,8388608,4194304,11,cycle,post,53,4194304,1.00000000000000000,-0.000000000
8,10,512,8388608,4194304,11,cycle,post,54,4194304,1.00000000000000000,-0.000000000
8,10,512,8388608,4194304,11,cycle,post,55,4194304,1.00000000000000000,-0.000000000
8,10,512,8388608,4194304,11,cycle,post,56,4194304,1.00000000000000000,-0.000000000
8,10,512,8388608,4194304,11,cycle,post,57,4194304,1.00000000000000000,-0.000000000
8,10,512,8388608,4194304,11,cycle,post,58,4194304,1.00000000000000000,-0.000000000
8,10,512,8388608,4194304,11,cycle,post,59,4194304,1.00000000000000000,-0.000000000
8,10,512,8388608,4194304,11,cycle,post,60,4194304,1.00000000000000000,-0.000000000
8,10,512,8388608,4194304,11,cycle,post,61,4194304,1.00000000000000000,-0.000000000
8,10,512,8388608,4194304,11,cycle,post,62,4194304,1.00000000000000000,-0.000000000
8,10,512,8388608,4194304,11,cycle,post,63,4194304,1.00000000000000000,-0.000000000
8,10,512,8388608,4194304,11,cycle,post,64,4194304,1.00000000000000000,-0.000000000
8,10,512,8388608,4194304,11,cycle,post,65,4194304,1.00000000000000000,-0.000000000
8,10,512,8388608,4194304,11,cycle,post,66,4194304,1.00000000000000000,-0.000000000
8,10,512,8388608,4194304,11,cycle,post,67,4194304,1.00000000000000000,-0.000000000
8,10,512,8388608,4194304,11,cycle,post,68,4194304,1.00000000000000000,-0.000000000
8,10,512,8388608,4194304,11,cycle,post,69,4194304,1.00000000000000000,-0.000000000
8,10,512,8388608,4194304,11,cycle,post,70,4194304,1.00000000000000000,-0.000000000
8,10,512,8388608,4194304,11,cycle,post,71,4194304,1.00000000000000000,-0.000000000
8,10,512,8388608,4194304,11,cycle,post,72,4194304,1.00000000000000000,-0.000000000
8,10,512,8388608,4194304,11,cycle,post,73,4194304,1.00000000000000000,-0.000000000
8,10,512,8388608,4194304,11,cycle,post,74,4194304,1.00000000000000000,-0.000000000
8,10,512,8388608,4194304,11,cycle,post,75,4194304,1.00000000000000000,-0.000000000
8,10,512,8388608,4194304,11,cycle,post,76,4194304,1.00000000000000000,-0.000000000
8,10,512,8388608,4194304,11,cycle,post,77,4194304,1.00000000000000000,-0.000000000
8,10,512,8388608,4194304,11,cycle,post,78,4194304,1.00000000000000000,-0.000000000
8,10,512,8388608,4194304,11,cycle,post,79,4194304,1.00000000000000000,-0.000000000
8,10,512,8388608,4194304,11,cycle,post,80,4194304,1.00000000000000000,-0.000000000
8,10,512,8388608,4194304,11,cycle,post,81,4194304,1.00000000000000000,-0.000000000
8,10,512,8388608,4194304,11,cycle,post,82,4194304,1.00000000000000000,-0.000000000
8,10,512,8388608,4194304,11,cycle,post,83,4194304,1.00000000000000000,-0.000000000
8,10,512,8388608,4194304,11,cycle,post,84,4194304,1.00000000000000000,-0.000000000
8,10,512,8388608,4194304,11,cycle,post,85,4194304,1.00000000000000000,-0.000000000
8,10,512,8388608,4194304,11,cycle,post,86,4194304,1.00000000000000000,-0.000000000
8,10,512,8388608,4194304,11,cycle,post,87,4194304,1.00000000000000000,-0.000000000
8,10,512,8388608,4194304,11,cycle,post,88,4194304,1.00000000000000000,-0.000000000
8,10,512,8388608,4194304,11,cycle,post,89,4194304,1.00000000000000000,-0.000000000
8,10,512,8388608,4194304,11,cycle,post,90,4194304,1.00000000000000000,-0.000000000
8,10,512,8388608,4194304,11,cycle,post,91,4194304,1.00000000000000000,-0.000000000
8,10,512,8388608,4194304,11,cycle,post,92,4194304,1.00000000000000000,-0.000000000
8,10,512,8388608,4194304,11,cycle,post,93,4194304,1.00000000000000000,-0.000000000
8,10,512,8388608,4194304,11,cycle,post,94,4194304,1.00000000000000000,-0.000000000
8,10,512,8388608,4194304,11,cycle,post,95,4194304,1.00000000000000000,-0.000000000
8,10,512,8388608,4194304,11,cycle,post,96,4194304,1.00000000000000000,-0.000000000
8,10,512,8388608,4194304,11,cycle,post,97,4194304,1.00000000000000000,-0.000000000
8,10,512,8388608,4194304,11,cycle,post,98,4194304,1.00000000000000000,-0.000000000
8,10,512,8388608,4194304,11,cycle,post,99,4194304,1.00000000000000000,-0.000000000
8,10,512,8388608,4194304,11,cycle,post,100,4194304,1.00000000000000000,-0.000000000
8,10,512,8388608,4194304,11,cycle,post,101,4194304,1.00000000000000000,-0.000000000
8,10,512,8388608,4194304,11,cycle,post,102,4194304,1.00000000000000000,-0.000000000
8,10,512,8388608,4194304,11,cycle,post,103,4194304,1.00000000000000000,-0.000000000
8,10,512,8388608,4194304,11,cycle,post,104,4194304,1.00000000000000000,-0.000000000
8,10,512,8388608,4194304,11,cycle,post,105,4194304,1.00000000000000000,-0.000000000
8,10,512,8388608,4194304,11,cycle,post,106,4194304,1.00000000000000000,-0.000000000
8,10,512,8388608,4194304,11,cycle,post,107,4194304,1.00000000000000000,-0.000000000
8,10,512,8388608,4194304,11,cycle,post,108,4194304,1.00000000000000000,-0.000000000
8,10,512,8388608,4194304,11,cycle,post,109,4194304,1.00000000000000000,-0.000000000
8,10,512,8388608,4194304,11,cycle,post,110,4194304,1.00000000000000000,-0.000000000
8,10,512,8388608,4194304,11,cycle,post,111,4194304,1.00000000000000000,-0.000000000
8,10,512,8388608,4194304,11,cycle,post,112,4194304,1.00000000000000000,-0.000000000
8,10,512,8388608,4194304,11,cycle,post,113,4194304,1.00000000000000000,-0.000000000
8,10,512,8388608,4194304,11,cycle,post,114,4194304,1.00000000000000000,-0.000000000
8,10,512,8388608,4194304,11,cycle,post,115,4194304,1.00000000000000000,-0.000000000
8,10,512,8388608,4194304,11,cycle,post,116,4194304,1.00000000000000000,-0.000000000
8,10,512,8388608,4194304,11,cycle,post,117,4194304,1.00000000000000000,-0.000000000
8,10,512,8388608,4194304,11,cycle,post,118,4194304,1.00000000000000000,-0.000000000
8,10,512,8388608,4194304,11,cycle,post,119,4194304,1.00000000000000000,-0.000000000
8,10,512,8388608,4194304,11,cycle,post,120,4194304,1.00000000000000000,-0.000000000
8,10,512,8388608,4194304,11,cycle,post,121,4194304,1.00000000000000000,-0.000000000
8,10,512,8388608,4194304,11,cycle,post,122,4194304,1.00000000000000000,-0.000000000
8,10,512,8388608,4194304,11,cycle,post,123,4194304,1.00000000000000000,-0.000000000
8,10,512,8388608,4194304,11,cycle,post,124,4194304,1.00000000000000000,-0.000000000
8,10,512,8388608,4194304,11,cycle,post,125,4194304,1.00000000000000000,-0.000000000
8,10,512,8388608,4194304,11,cycle,post,126,4194304,1.00000000000000000,-0.000000000
8,10,512,8388608,4194304,11,cycle,post,127,4194304,1.00000000000000000,-0.000000000
8,10,512,8388608,4194304,11,cycle,post,128,4194304,1.00000000000000000,-0.000000000
8,10,512,8388608,4194304,11,cycle,post,129,4194304,1.00000000000000000,-0.000000000
8,10,512,8388608,4194304,11,cycle,post,130,4194304,1.00000000000000000,-0.000000000
8,10,512,8388608,4194304,11,cycle,post,131,4194304,1.00000000000000000,-0.000000000
8,10,512,8388608,4194304,11,cycle,post,132,4194304,1.00000000000000000,-0.000000000
8,10,512,8388608,4194304,11,cycle,post,133,4194304,1.00000000000000000,-0.000000000
8,10,512,8388608,4194304,11,cycle,post,134,4194304,1.00000000000000000,-0.000000000
8,10,512,8388608,4194304,11,cycle,post,135,4194304,1.00000000000000000,-0.000000000
8,10,512,8388608,4194304,11,cycle,post,136,4194304,1.00000000000000000,-0.000000000
8,10,512,8388608,4194304,11,cycle,post,137,4194304,1.00000000000000000,-0.000000000
8,10,512,8388608,4194304,11,cycle,post,138,4194304,1.00000000000000000,-0.000000000
8,10,512,8388608,4194304,11,cycle,post,139,4194304,1.00000000000000000,-0.000000000
8,10,512,8388608,4194304,11,cycle,post,140,4194304,1.00000000000000000,-0.000000000
8,10,512,8388608,4194304,11,cycle,post,141,4194304,1.00000000000000000,-0.000000000
8,10,512,8388608,4194304,11,cycle,post,142,4194304,1.00000000000000000,-0.000000000
8,10,512,8388608,4194304,11,cycle,post,143,4194304,1.00000000000000000,-0.000000000
8,10,512,8388608,4194304,11,cycle,post,144,4194304,1.00000000000000000,-0.000000000
8,10,512,8388608,4194304,11,cycle,post,145,4194304,1.00000000000000000,-0.000000000
8,10,512,8388608,4194304,11,cycle,post,146,4194304,1.00000000000000000,-0.000000000
8,10,512,8388608,4194304,11,cycle,post,147,4194304,1.00000000000000000,-0.000000000
8,10,512,8388608,4194304,11,cycle,post,148,4194304,1.00000000000000000,-0.000000000
8,10,512,8388608,4194304,11,cycle,post,149,4194304,1.00000000000000000,-0.000000000
8,10,512,8388608,4194304,11,cycle,post,150,4194304,1.00000000000000000,-0.000000000
8,10,512,8388608,4194304,11,cycle,post,151,4194304,1.00000000000000000,-0.000000000
8,10,512,8388608,4194304,11,cycle,post,152,4194304,1.00000000000000000,-0.000000000
8,10,512,8388608,4194304,11,cycle,post,153,4194304,1.00000000000000000,-0.000000000
8,10,512,8388608,4194304,11,cycle,post,154,4194304,1.00000000000000000,-0.000000000
8,10,512,8388608,4194304,11,cycle,post,155,4194304,1.00000000000000000,-0.000000000
8,10,512,8388608,4194304,11,cycle,post,156,4194304,1.00000000000000000,-0.000000000
8,10,512,8388608,4194304,11,cycle,post,157,4194304,1.00000000000000000,-0.000000000
8,10,512,8388608,4194304,11,cycle,post,158,4194304,1.00000000000000000,-0.000000000
8,10,512,8388608,4194304,11,cycle,post,159,4194304,1.00000000000000000,-0.000000000
8,10,512,8388608,4194304,11,cycle,post,160,4194304,1.00000000000000000,-0.000000000
8,10,512,8388608,4194304,11,cycle,post,161,4194304,1.00000000000000000,-0.000000000
8,10,512,8388608,4194304,11,cycle,post,162,4194304,1.00000000000000000,-0.000000000
8,10,512,8388608,4194304,11,cycle,post,163,4194304,1.00000000000000000,-0.000000000
8,10,512,8388608,4194304,11,cycle,post,164,4194304,1.00000000000000000,-0.000000000
8,10,512,8388608,4194304,11,cycle,post,165,4194304,1.00000000000000000,-0.000000000
8,10,512,8388608,4194304,11,cycle,post,166,4194304,1.00000000000000000,-0.000000000
8,10,512,8388608,4194304,11,cycle,post,167,4194304,1.00000000000000000,-0.000000000
8,10,512,8388608,4194304,11,cycle,post,168,4194304,1.00000000000000000,-0.000000000
8,10,512,8388608,4194304,11,cycle,post,169,4194304,1.00000000000000000,-0.000000000
8,10,512,8388608,4194304,11,cycle,post,170,4194304,1.00000000000000000,-0.000000000
8,10,512,8388608,4194304,11,cycle,post,171,4194304,1.00000000000000000,-0.000000000
8,10,512,8388608,4194304,11,cycle,post,172,4194304,1.00000000000000000,-0.000000000
8,10,512,8388608,4194304,11,cycle,post,173,4194304,1.00000000000000000,-0.000000000
8,10,512,8388608,4194304,11,cycle,post,174,4194304,1.00000000000000000,-0.000000000
8,10,512,8388608,4194304,11,cycle,post,175,4194304,1.00000000000000000,-0.000000000
8,10,512,8388608,4194304,11,cycle,post,176,4194304,1.00000000000000000,-0.000000000
8,10,512,8388608,4194304,11,cycle,post,177,4194304,1.00000000000000000,-0.000000000
8,10,512,8388608,4194304,11,cycle,post,178,4194304,1.00000000000000000,-0.000000000
8,10,512,8388608,4194304,11,cycle,post,179,4194304,1.00000000000000000,-0.000000000
8,10,512,8388608,4194304,11,cycle,post,180,4194304,1.00000000000000000,-0.000000000
8,10,512,8388608,4194304,11,cycle,post,181,4194304,1.00000000000000000,-0.000000000
8,10,512,8388608,4194304,11,cycle,post,182,4194304,1.00000000000000000,-0.000000000
8,10,512,8388608,4194304,11,cycle,post,183,4194304,1.00000000000000000,-0.000000000
8,10,512,8388608,4194304,11,cycle,post,184,4194304,1.00000000000000000,-0.000000000
8,10,512,8388608,4194304,11,cycle,post,185,4194304,1.00000000000000000,-0.000000000
8,10,512,8388608,4194304,11,cycle,post,186,4194304,1.00000000000000000,-0.000000000
8,10,512,8388608,4194304,11,cycle,post,187,4194304,1.00000000000000000,-0.000000000
8,10,512,8388608,4194304,11,cycle,post,188,4194304,1.00000000000000000,-0.000000000
8,10,512,8388608,4194304,11,cycle,post,189,4194304,1.00000000000000000,-0.000000000
8,10,512,8388608,4194304,11,cycle,post,190,4194304,1.00000000000000000,-0.000000000
8,10,512,8388608,4194304,11,cycle,post,191,4194304,1.00000000000000000,-0.000000000
8,10,512,8388608,4194304,11,cycle,post,192,4194304,1.00000000000000000,-0.000000000
8,10,512,8388608,4194304,11,cycle,post,193,4194304,1.00000000000000000,-0.000000000
8,10,512,8388608,4194304,11,cycle,post,194,4194304,1.00000000000000000,-0.000000000
8,10,512,8388608,4194304,11,cycle,post,195,4194304,1.00000000000000000,-0.000000000
8,10,512,8388608,4194304,11,cycle,post,196,4194304,1.00000000000000000,-0.000000000
8,10,512,8388608,4194304,11,cycle,post,197,4194304,1.00000000000000000,-0.000000000
8,10,512,8388608,4194304,11,cycle,post,198,4194304,1.00000000000000000,-0.000000000
8,10,512,8388608,4194304,11,cycle,post,199,4194304,1.00000000000000000,-0.000000000
8,10,512,8388608,4194304,11,cycle,post,200,4194304,1.00000000000000000,-0.000000000
8,10,512,8388608,4194304,11,cycle,post,201,4194304,1.00000000000000000,-0.000000000
8,10,512,8388608,4194304,11,cycle,post,202,4194304,1.00000000000000000,-0.000000000
8,10,512,8388608,4194304,11,cycle,post,203,4194304,1.00000000000000000,-0.000000000
8,10,512,8388608,4194304,11,cycle,post,204,4194304,1.00000000000000000,-0.000000000
8,10,512,8388608,4194304,11,cycle,post,205,4194304,1.00000000000000000,-0.000000000
8,10,512,8388608,4194304,11,cycle,post,206,4194304,1.00000000000000000,-0.000000000
8,10,512,8388608,4194304,11,cycle,post,207,4194304,1.00000000000000000,-0.000000000
8,10,512,8388608,4194304,11,cycle,post,208,4194304,1.00000000000000000,-0.000000000
8,10,512,8388608,4194304,11,cycle,post,209,4194304,1.00000000000000000,-0.000000000
8,10,512,8388608,4194304,11,cycle,post,210,4194304,1.00000000000000000,-0.000000000
8,10,512,8388608,4194304,11,cycle,post,211,4194304,1.00000000000000000,-0.000000000
8,10,512,8388608,4194304,11,cycle,post,212,4194304,1.00000000000000000,-0.000000000
8,10,512,8388608,4194304,11,cycle,post,213,4194304,1.00000000000000000,-0.000000000
8,10,512,8388608,4194304,11,cycle,post,214,4194304,1.00000000000000000,-0.000000000
8,10,512,8388608,4194304,11,cycle,post,215,4194304,1.00000000000000000,-0.000000000
8,10,512,8388608,4194304,11,cycle,post,216,4194304,1.00000000000000000,-0.000000000
8,10,512,8388608,4194304,11,cycle,post,217,4194304,1.00000000000000000,-0.000000000
8,10,512,8388608,4194304,11,cycle,post,218,4194304,1.00000000000000000,-0.000000000
8,10,512,8388608,4194304,11,cycle,post,219,4194304,1.00000000000000000,-0.000000000
8,10,512,8388608,4194304,11,cycle,post,220,4194304,1.00000000000000000,-0.000000000
8,10,512,8388608,4194304,11,cycle,post,221,4194304,1.00000000000000000,-0.000000000
8,10,512,8388608,4194304,11,cycle,post,222,4194304,1.00000000000000000,-0.000000000
8,10,512,8388608,4194304,11,cycle,post,223,4194299,0.99999880790710449,0.000001720
8,10,512,8388608,4194304,11,cycle,post,224,4194294,0.99999761581420898,0.000003440
8,10,512,8388608,4194304,11,cycle,post,225,4194289,0.99999642372131348,0.000005159
8,10,512,8388608,4194304,11,cycle,post,226,4194282,0.99999475479125977,0.000007567
8,10,512,8388608,4194304,11,cycle,post,227,4194271,0.99999213218688965,0.000011351
8,10,512,8388608,4194304,11,cycle,post,228,4194259,0.99998927116394043,0.000015479
8,10,512,8388608,4194304,11,cycle,post,229,4194240,0.99998474121093750,0.000022014
8,10,512,8388608,4194304,11,cycle,post,230,4194221,0.99998021125793457,0.000028549
8,10,512,8388608,4194304,11,cycle,post,231,4194209,0.99997735023498535,0.000032677
8,10,512,8388608,4194304,11,cycle,post,232,4194193,0.99997353553771973,0.000038181
8,10,512,8388608,4194304,11,cycle,post,233,4194175,0.99996924400329590,0.000044372
8,10,512,8388608,4194304,11,cycle,post,234,4194123,0.99995684623718262,0.000062259
8,10,512,8388608,4194304,11,cycle,post,235,4194074,0.99994516372680664,0.000079114
8,10,512,8388608,4194304,11,cycle,post,236,4194016,0.99993133544921875,0.000099065
8,10,512,8388608,4194304,11,cycle,post,237,4193961,0.99991822242736816,0.000117985
8,10,512,8388608,4194304,11,cycle,post,238,4193915,0.99990725517272949,0.000133809
8,10,512,8388608,4194304,11,cycle,post,239,4193864,0.99989509582519531,0.000151353
8,10,512,8388608,4194304,11,cycle,post,240,4193793,0.99987816810607910,0.000175777
8,10,512,8388608,4194304,11,cycle,post,241,4193689,0.99985337257385254,0.000211554
8,10,512,8388608,4194304,11,cycle,post,242,4193588,0.99982929229736328,0.000246300
8,10,512,8388608,4194304,11,cycle,post,243,4193498,0.99980783462524414,0.000277263
8,10,512,8388608,4194304,11,cycle,post,244,4193358,0.99977445602416992,0.000325428
8,10,512,8388608,4194304,11,cycle,post,245,4193229,0.99974370002746582,0.000369810
8,10,512,8388608,4194304,11,cycle,post,246,4193102,0.99971342086791992,0.000413506
8,10,512,8388608,4194304,11,cycle,post,247,4192893,0.99966359138488770,0.000485417
8,10,512,8388608,4194304,11,cycle,post,248,4192628,0.99960041046142578,0.000576601
8,10,512,8388608,4194304,11,cycle,post,249,4192328,0.99952888488769531,0.000679836
8,10,512,8388608,4194304,11,cycle,post,250,4191939,0.99943614006042480,0.000813707
8,10,512,8388608,4194304,11,cycle,post,251,4191500,0.99933147430419922,0.000964801
8,10,512,8388608,4194304,11,cycle,post,252,4190821,0.99916958808898926,0.001198529
8,10,512,8388608,4194304,11,cycle,post,253,4190123,0.99900317192077637,0.001438836
8,10,512,8388608,4194304,11,cycle,post,254,4189203,0.99878382682800293,0.001755635
8,10,512,8388608,4194304,11,cycle,post,255,4187980,0.99849224090576172,0.002176878
8,10,512,8388608,4194304,11,cycle,post,256,4186543,0.99814963340759277,0.002671988
8,10,512,8388608,4194304,11,cycle,post,257,4184737,0.99771904945373535,0.003294475
8,10,512,8388608,4194304,11,cycle,post,258,4182683,0.99722933769226074,0.004002768
8,10,512,8388608,4194304,11,cycle,post,259,4180138,0.99662256240844727,0.004880860
8,10,512,8388608,4194304,11,cycle,post,260,4177126,0.99590444564819336,0.005920769
8,10,512,8388608,4194304,11,cycle,post,261,4173498,0.99503946304321289,0.007174351
8,10,512,8388608,4194304,11,cycle,post,262,4169396,0.99406147003173828,0.008593028
8,10,512,8388608,4194304,11,cycle,post,263,4164707,0.99294352531433105,0.010216430
8,10,512,8388608,4194304,11,cycle,post,264,4159440,0.99168777465820312,0.012042124
8,10,512,8388608,4194304,11,cycle,post,265,4153499,0.99027132987976074,0.014104224
8,10,512,8388608,4194304,11,cycle,post,266,4146375,0.98857283592224121,0.016580830
8,10,512,8388608,4194304,11,cycle,post,267,4138410,0.98667383193969727,0.019354848
8,10,512,8388608,4194304,11,cycle,post,268,4129638,0.98458242416381836,0.022416109
8,10,512,8388608,4194304,11,cycle,post,269,4119742,0.98222303390502930,0.025877440
8,10,512,8388608,4194304,11,cycle,post,270,4108573,0.97956013679504395,0.029794030
8,10,512,8388608,4194304,11,cycle,post,271,4096097,0.97658562660217285,0.034181550
8,10,512,8388608,4194304,11,cycle,post,272,4082432,0.97332763671875000,0.039002575
8,10,512,8388608,4194304,11,cycle,post,273,4067094,0.96967077255249023,0.044433095
8,10,512,8388608,4194304,11,cycle,post,274,4049970,0.96558809280395508,0.050520209
8,10,512,8388608,4194304,11,cycle,post,275,4031022,0.96107053756713867,0.057285774
8,10,512,8388608,4194304,11,cycle,post,276,4010046,0.95606946945190430,0.064812644
8,10,512,8388608,4194304,11,cycle,post,277,3987239,0.95063185691833496,0.073041346
8,10,512,8388608,4194304,11,cycle,post,278,3961932,0.94459819793701172,0.082227312
8,10,512,8388608,4194304,11,cycle,post,279,3934217,0.93799042701721191,0.092354896
8,10,512,8388608,4194304,11,cycle,post,280,3904256,0.93084716796875000,0.103383778
8,10,512,8388608,4194304,11,cycle,post,281,3871822,0.92311429977416992,0.115418802
8,10,512,8388608,4194304,11,cycle,post,282,3836413,0.91467213630676270,0.128673392
8,10,512,8388608,4194304,11,cycle,post,283,3798307,0.90558695793151855,0.143074914
8,10,512,8388608,4194304,11,cycle,post,284,3756792,0.89568901062011719,0.158930189
8,10,512,8388608,4194304,11,cycle,post,285,3712190,0.88505506515502930,0.176160877
8,10,512,8388608,4194304,11,cycle,post,286,3664661,0.87372326850891113,0.194751683
8,10,512,8388608,4194304,11,cycle,post,287,3614247,0.86170363426208496,0.214736326
8,10,512,8388608,4194304,11,cycle,post,288,3560797,0.84896016120910645,0.236231240
8,10,512,8388608,4194304,11,cycle,post,289,3504056,0.83543205261230469,0.259405599
8,10,512,8388608,4194304,11,cycle,post,290,3444253,0.82117390632629395,0.284240310
8,10,512,8388608,4194304,11,cycle,post,291,3381165,0.80613255500793457,0.310911010
8,10,512,8388608,4194304,11,cycle,post,292,3315772,0.79054164886474609,0.339086623
8,10,512,8388608,4194304,11,cycle,post,293,3247297,0.77421593666076660,0.369192090
8,10,512,8388608,4194304,11,cycle,post,294,3175408,0.75707626342773438,0.401489459
8,10,512,8388608,4194304,11,cycle,post,295,3101544,0.73946571350097656,0.435444839
8,10,512,8388608,4194304,11,cycle,post,296,3024242,0.72103548049926758,0.471857842
8,10,512,8388608,4194304,11,cycle,post,297,2945146,0.70217752456665039,0.510092276
8,10,512,8388608,4194304,11,cycle,post,298,2863933,0.68281483650207520,0.550433689
8,10,512,8388608,4194304,11,cycle,post,299,2780563,0.66293787956237793,0.593054406
8,10,512,8388608,4194304,11,cycle,post,300,2694908,0.64251613616943359,0.638195408
8,10,512,8388608,4194304,11,cycle,post,301,2607283,0.62162470817565918,0.685884246
8,10,512,8388608,4194304,11,cycle,post,302,2517605,0.60024380683898926,0.736379482
8,10,512,8388608,4194304,11,cycle,post,303,2426797,0.57859349250793457,0.789377998
8,10,512,8388608,4194304,11,cycle,post,304,2335294,0.55677747726440430,0.844827242
8,10,512,8388608,4194304,11,cycle,post,305,2243026,0.53477907180786133,0.902985087
8,10,512,8388608,4194304,11,cycle,post,306,2150421,0.51270031929016113,0.963812299
8,10,512,8388608,4194304,11,cycle,post,307,2057945,0.49065232276916504,1.027227005
8,10,512,8388608,4194304,11,cycle,post,308,1966752,0.46891021728515625,1.092616380
8,10,512,8388608,4194304,11,cycle,post,309,1874919,0.44701552391052246,1.161603161
8,10,512,8388608,4194304,11,cycle,post,310,1784215,0.42539000511169434,1.233141958
8,10,512,8388608,4194304,11,cycle,post,311,1694317,0.40395665168762207,1.307727608
8,10,512,8388608,4194304,11,cycle,post,312,1604859,0.38262820243835449,1.385984880
8,10,512,8388608,4194304,11,cycle,post,313,1517071,0.36169791221618652,1.467142824
8,10,512,8388608,4194304,11,cycle,post,314,1432391,0.34150862693786621,1.550006072
8,10,512,8388608,4194304,11,cycle,post,315,1349105,0.32165169715881348,1.636428794
8,10,512,8388608,4194304,11,cycle,post,316,1267722,0.30224847793579102,1.726193021
8,10,512,8388608,4194304,11,cycle,post,317,1188210,0.28329133987426758,1.819641595
8,10,512,8388608,4194304,11,cycle,post,318,1110453,0.26475262641906738,1.917283099
8,10,512,8388608,4194304,11,cycle,post,319,1034697,0.24669098854064941,2.019223079
8,10,512,8388608,4194304,11,cycle,post,320,961999,0.22935843467712402,2.124324131
8,10,512,8388608,4194304,11,cycle,post,321,892530,0.21279573440551758,2.232458863
8,10,512,8388608,4194304,11,cycle,post,322,825962,0.19692468643188477,2.344284116
8,10,512,8388608,4194304,11,cycle,post,323,762082,0.18169450759887695,2.460413286
8,10,512,8388608,4194304,11,cycle,post,324,702342,0.16745138168334961,2.578185815
8,10,512,8388608,4194304,11,cycle,post,325,645324,0.15385723114013672,2.700335844
8,10,512,8388608,4194304,11,cycle,post,326,592224,0.14119720458984375,2.824216568
8,10,512,8388608,4194304,11,cycle,post,327,541231,0.12903952598571777,2.954115051
8,10,512,8388608,4194304,11,cycle,post,328,493243,0.11759829521179199,3.088060949
8,10,512,8388608,4194304,11,cycle,post,329,447924,0.10679340362548828,3.227105557
8,10,512,8388608,4194304,11,cycle,post,330,406121,0.09682679176330566,3.368449896
8,10,512,8388608,4194304,11,cycle,post,331,367188,0.08754444122314453,3.513840614
8,10,512,8388608,4194304,11,cycle,post,332,330918,0.07889699935913086,3.663885758
8,10,512,8388608,4194304,11,cycle,post,333,297222,0.07086324691772461,3.818818619
8,10,512,8388608,4194304,11,cycle,post,334,266704,0.06358718872070312,3.975120063
8,10,512,8388608,4194304,11,cycle,post,335,238736,0.05691909790039062,4.134943393
8,10,512,8388608,4194304,11,cycle,post,336,212926,0.05076551437377930,4.300007400
8,10,512,8388608,4194304,11,cycle,post,337,189215,0.04511237144470215,4.470333063
8,10,512,8388608,4194304,11,cycle,post,338,167535,0.03994345664978027,4.645897003
8,10,512,8388608,4194304,11,cycle,post,339,147989,0.03528332710266113,4.824869581
8,10,512,8388608,4194304,11,cycle,post,340,130545,0.03112435340881348,5.005812323
8,10,512,8388608,4194304,11,cycle,post,341,114679,0.02734160423278809,5.192758296
8,10,512,8388608,4194304,11,cycle,post,342,100419,0.02394175529479980,5.384327262
8,10,512,8388608,4194304,11,cycle,post,343,87713,0.02091240882873535,5.579496939
8,10,512,8388608,4194304,11,cycle,post,344,76541,0.01824879646301270,5.776054871
8,10,512,8388608,4194304,11,cycle,post,345,66596,0.01587772369384766,5.976852094
8,10,512,8388608,4194304,11,cycle,post,346,57986,0.01382493972778320,6.176582999
8,10,512,8388608,4194304,11,cycle,post,347,50504,0.01204109191894531,6.375889964
8,10,512,8388608,4194304,11,cycle,post,348,43821,0.01044774055480957,6.580665213
8,10,512,8388608,4194304,11,cycle,post,349,37840,0.00902175903320312,6.792375532
8,10,512,8388608,4194304,11,cycle,post,350,32670,0.00778913497924805,7.004321166
8,10,512,8388608,4194304,11,cycle,post,351,27811,0.00663065910339355,7.236632000
8,10,512,8388608,4194304,11,cycle,post,352,23574,0.00562047958374023,7.475091047
8,10,512,8388608,4194304,11,cycle,post,353,19921,0.00474953651428223,7.717997550
8,10,512,8388608,4194304,11,cycle,post,354,16862,0.00402021408081055,7.958511956
8,10,512,8388608,4194304,11,cycle,post,355,14196,0.00338459014892578,8.206803141
8,10,512,8388608,4194304,11,cycle,post,356,11821,0.00281834602355957,8.470935535
8,10,512,8388608,4194304,11,cycle,post,357,9952,0.00237274169921875,8.719229230
8,10,512,8388608,4194304,11,cycle,post,358,8260,0.00196933746337891,8.988073934
8,10,512,8388608,4194304,11,cycle,post,359,6790,0.00161886215209961,9.270804141
8,10,512,8388608,4194304,11,cycle,post,360,5636,0.00134372711181641,9.539544104
8,10,512,8388608,4194304,11,cycle,post,361,4713,0.00112366676330566,9.797570034
8,10,512,8388608,4194304,11,cycle,post,362,3886,0.00092649459838867,10.075929814
8,10,512,8388608,4194304,11,cycle,post,363,3234,0.00077104568481445,10.340896037
8,10,512,8388608,4194304,11,cycle,post,364,2736,0.00065231323242188,10.582147485
8,10,512,8388608,4194304,11,cycle,post,365,2294,0.00054693222045898,10.836350324
8,10,512,8388608,4194304,11,cycle,post,366,1847,0.00044035911560059,11.149031849
8,10,512,8388608,4194304,11,cycle,post,367,1503,0.00035834312438965,11.446370706
8,10,512,8388608,4194304,11,cycle,post,368,1186,0.00028276443481445,11.788111705
8,10,512,8388608,4194304,11,cycle,post,369,907,0.00021624565124512,12.175041259
8,10,512,8388608,4194304,11,cycle,post,370,646,0.00015401840209961,12.664609645
8,10,512,8388608,4194304,11,cycle,post,371,439,0.00010466575622559,13.221922870
8,10,512,8388608,4194304,11,cycle,post,372,279,0.00006651878356934,13.875878688
8,10,512,8388608,4194304,11,cycle,post,373,200,0.00004768371582031,14.356143810
8,10,512,8388608,4194304,11,cycle,post,374,154,0.00003671646118164,14.733213459
8,10,512,8388608,4194304,11,cycle,post,375,131,0.00003123283386230,14.966576998
8,10,512,8388608,4194304,11,cycle,post,376,123,0.00002932548522949,15.057485495
8,10,512,8388608,4194304,11,cycle,post,377,110,0.00002622604370117,15.218640286
8,10,512,8388608,4194304,11,cycle,post,378,105,0.00002503395080566,15.285754482
8,10,512,8388608,4194304,11,cycle,post,379,94,0.00002241134643555,15.445411148
8,10,512,8388608,4194304,11,cycle,post,380,89,0.00002121925354004,15.524266569
8,10,512,8388608,4194304,11,cycle,post,381,70,0.00001668930053711,15.870716983
8,10,512,8388608,4194304,11,cycle,post,382,52,0.00001239776611328,16.299560282
8,10,512,8388608,4194304,11,cycle,post,383,40,0.00000953674316406,16.678071905
8,10,512,8388608,4194304,11,cycle,post,384,24,0.00000572204589844,17.415037499
8,10,512,8388608,4194304,11,cycle,post,385,18,0.00000429153442383,17.830074999
8,10,512,8388608,4194304,11,cycle,post,386,14,0.00000333786010742,18.192645078
8,10,512,8388608,4194304,11,cycle,post,387,5,0.00000119209289551,19.678071905
8,10,512,8388608,4194304,11,cycle,post,388,1,0.00000023841857910,22.000000000
8,10,512,8388608,4194304,11,cycle,post,389,0,0.00000000000000000,inf
8,10,512,8388608,4194304,11,cycle,insertion,0,4194304,1.00000000000000000,-0.000000000
8,10,512,8388608,4194304,11,cycle,insertion,1,4194304,1.00000000000000000,-0.000000000
8,10,512,8388608,4194304,11,cycle,insertion,2,4194304,1.00000000000000000,-0.000000000
8,10,512,8388608,4194304,11,cycle,insertion,3,4194304,1.00000000000000000,-0.000000000
8,10,512,8388608,4194304,11,cycle,insertion,4,4194304,1.00000000000000000,-0.000000000
8,10,512,8388608,4194304,11,cycle,insertion,5,4194304,1.00000000000000000,-0.000000000
8,10,512,8388608,4194304,11,cycle,insertion,6,4194304,1.00000000000000000,-0.000000000
8,10,512,8388608,4194304,11,cycle,insertion,7,4194304,1.00000000000000000,-0.000000000
8,10,512,8388608,4194304,11,cycle,insertion,8,4194304,1.00000000000000000,-0.000000000
8,10,512,8388608,4194304,11,cycle,insertion,9,4194304,1.00000000000000000,-0.000000000
8,10,512,8388608,4194304,11,cycle,insertion,10,4194304,1.00000000000000000,-0.000000000
8,10,512,8388608,4194304,11,cycle,insertion,11,4194304,1.00000000000000000,-0.000000000
8,10,512,8388608,4194304,11,cycle,insertion,12,4194304,1.00000000000000000,-0.000000000
8,10,512,8388608,4194304,11,cycle,insertion,13,4194304,1.00000000000000000,-0.000000000
8,10,512,8388608,4194304,11,cycle,insertion,14,4194304,1.00000000000000000,-0.000000000
8,10,512,8388608,4194304,11,cycle,insertion,15,4194304,1.00000000000000000,-0.000000000
8,10,512,8388608,4194304,11,cycle,insertion,16,4194304,1.00000000000000000,-0.000000000
8,10,512,8388608,4194304,11,cycle,insertion,17,4194304,1.00000000000000000,-0.000000000
8,10,512,8388608,4194304,11,cycle,insertion,18,4194304,1.00000000000000000,-0.000000000
8,10,512,8388608,4194304,11,cycle,insertion,19,4194304,1.00000000000000000,-0.000000000
8,10,512,8388608,4194304,11,cycle,insertion,20,4194304,1.00000000000000000,-0.000000000
8,10,512,8388608,4194304,11,cycle,insertion,21,4194304,1.00000000000000000,-0.000000000
8,10,512,8388608,4194304,11,cycle,insertion,22,4194304,1.00000000000000000,-0.000000000
8,10,512,8388608,4194304,11,cycle,insertion,23,4194304,1.00000000000000000,-0.000000000
8,10,512,8388608,4194304,11,cycle,insertion,24,4194304,1.00000000000000000,-0.000000000
8,10,512,8388608,4194304,11,cycle,insertion,25,4194304,1.00000000000000000,-0.000000000
8,10,512,8388608,4194304,11,cycle,insertion,26,4194304,1.00000000000000000,-0.000000000
8,10,512,8388608,4194304,11,cycle,insertion,27,4194304,1.00000000000000000,-0.000000000
8,10,512,8388608,4194304,11,cycle,insertion,28,4194304,1.00000000000000000,-0.000000000
8,10,512,8388608,4194304,11,cycle,insertion,29,4194304,1.00000000000000000,-0.000000000
8,10,512,8388608,4194304,11,cycle,insertion,30,4194304,1.00000000000000000,-0.000000000
8,10,512,8388608,4194304,11,cycle,insertion,31,4194304,1.00000000000000000,-0.000000000
8,10,512,8388608,4194304,11,cycle,insertion,32,4194304,1.00000000000000000,-0.000000000
8,10,512,8388608,4194304,11,cycle,insertion,33,4194304,1.00000000000000000,-0.000000000
8,10,512,8388608,4194304,11,cycle,insertion,34,4194304,1.00000000000000000,-0.000000000
8,10,512,8388608,4194304,11,cycle,insertion,35,4194304,1.00000000000000000,-0.000000000
8,10,512,8388608,4194304,11,cycle,insertion,36,4194304,1.00000000000000000,-0.000000000
8,10,512,8388608,4194304,11,cycle,insertion,37,4194304,1.00000000000000000,-0.000000000
8,10,512,8388608,4194304,11,cycle,insertion,38,4194304,1.00000000000000000,-0.000000000
8,10,512,8388608,4194304,11,cycle,insertion,39,4194304,1.00000000000000000,-0.000000000
8,10,512,8388608,4194304,11,cycle,insertion,40,4194304,1.00000000000000000,-0.000000000
8,10,512,8388608,4194304,11,cycle,insertion,41,4194304,1.00000000000000000,-0.000000000
8,10,512,8388608,4194304,11,cycle,insertion,42,4194304,1.00000000000000000,-0.000000000
8,10,512,8388608,4194304,11,cycle,insertion,43,4194304,1.00000000000000000,-0.000000000
8,10,512,8388608,4194304,11,cycle,insertion,44,4194304,1.00000000000000000,-0.000000000
8,10,512,8388608,4194304,11,cycle,insertion,45,4194304,1.00000000000000000,-0.000000000
8,10,512,8388608,4194304,11,cycle,insertion,46,4194304,1.00000000000000000,-0.000000000
8,10,512,8388608,4194304,11,cycle,insertion,47,4194304,1.00000000000000000,-0.000000000
8,10,512,8388608,4194304,11,cycle,insertion,48,4194304,1.00000000000000000,-0.000000000
8,10,512,8388608,4194304,11,cycle,insertion,49,4194304,1.00000000000000000,-0.000000000
8,10,512,8388608,4194304,11,cycle,insertion,50,4194304,1.00000000000000000,-0.000000000
8,10,512,8388608,4194304,11,cycle,insertion,51,4194304,1.00000000000000000,-0.000000000
8,10,512,8388608,4194304,11,cycle,insertion,52,4194304,1.00000000000000000,-0.000000000
8,10,512,8388608,4194304,11,cycle,insertion,53,4194304,1.00000000000000000,-0.000000000
8,10,512,8388608,4194304,11,cycle,insertion,54,4194304,1.00000000000000000,-0.000000000
8,10,512,8388608,4194304,11,cycle,insertion,55,4194304,1.00000000000000000,-0.000000000
8,10,512,8388608,4194304,11,cycle,insertion,56,4194304,1.00000000000000000,-0.000000000
8,10,512,8388608,4194304,11,cycle,insertion,57,4194304,1.00000000000000000,-0.000000000
8,10,512,8388608,4194304,11,cycle,insertion,58,4194304,1.00000000000000000,-0.000000000
8,10,512,8388608,4194304,11,cycle,insertion,59,4194304,1.00000000000000000,-0.000000000
8,10,512,8388608,4194304,11,cycle,insertion,60,4194304,1.00000000000000000,-0.000000000
8,10,512,8388608,4194304,11,cycle,insertion,61,4194304,1.00000000000000000,-0.000000000
8,10,512,8388608,4194304,11,cycle,insertion,62,4194304,1.00000000000000000,-0.000000000
8,10,512,8388608,4194304,11,cycle,insertion,63,4194304,1.00000000000000000,-0.000000000
8,10,512,8388608,4194304,11,cycle,insertion,64,4194304,1.00000000000000000,-0.000000000
8,10,512,8388608,4194304,11,cycle,insertion,65,4194304,1.00000000000000000,-0.000000000
8,10,512,8388608,4194304,11,cycle,insertion,66,4194304,1.00000000000000000,-0.000000000
8,10,512,8388608,4194304,11,cycle,insertion,67,4194304,1.00000000000000000,-0.000000000
8,10,512,8388608,4194304,11,cycle,insertion,68,4194304,1.00000000000000000,-0.000000000
8,10,512,8388608,4194304,11,cycle,insertion,69,4194304,1.00000000000000000,-0.000000000
8,10,512,8388608,4194304,11,cycle,insertion,70,4194304,1.00000000000000000,-0.000000000
8,10,512,8388608,4194304,11,cycle,insertion,71,4194304,1.00000000000000000,-0.000000000
8,10,512,8388608,4194304,11,cycle,insertion,72,4194304,1.00000000000000000,-0.000000000
8,10,512,8388608,4194304,11,cycle,insertion,73,4194304,1.00000000000000000,-0.000000000
8,10,512,8388608,4194304,11,cycle,insertion,74,4194304,1.00000000000000000,-0.000000000
8,10,512,8388608,4194304,11,cycle,insertion,75,4194304,1.00000000000000000,-0.000000000
8,10,512,8388608,4194304,11,cycle,insertion,76,4194304,1.00000000000000000,-0.000000000
8,10,512,8388608,4194304,11,cycle,insertion,77,4194304,1.00000000000000000,-0.000000000
8,10,512,8388608,4194304,11,cycle,insertion,78,4194304,1.00000000000000000,-0.000000000
8,10,512,8388608,4194304,11,cycle,insertion,79,4194304,1.00000000000000000,-0.000000000
8,10,512,8388608,4194304,11,cycle,insertion,80,4194304,1.00000000000000000,-0.000000000
8,10,512,8388608,4194304,11,cycle,insertion,81,4194304,1.00000000000000000,-0.000000000
8,10,512,8388608,4194304,11,cycle,insertion,82,4194304,1.00000000000000000,-0.000000000
8,10,512,8388608,4194304,11,cycle,insertion,83,4194304,1.00000000000000000,-0.000000000
8,10,512,8388608,4194304,11,cycle,insertion,84,4194304,1.00000000000000000,-0.000000000
8,10,512,8388608,4194304,11,cycle,insertion,85,4194304,1.00000000000000000,-0.000000000
8,10,512,8388608,4194304,11,cycle,insertion,86,4194304,1.00000000000000000,-0.000000000
8,10,512,8388608,4194304,11,cycle,insertion,87,4194304,1.00000000000000000,-0.000000000
8,10,512,8388608,4194304,11,cycle,insertion,88,4194304,1.00000000000000000,-0.000000000
8,10,512,8388608,4194304,11,cycle,insertion,89,4194304,1.00000000000000000,-0.000000000
8,10,512,8388608,4194304,11,cycle,insertion,90,4194304,1.00000000000000000,-0.000000000
8,10,512,8388608,4194304,11,cycle,insertion,91,4194304,1.00000000000000000,-0.000000000
8,10,512,8388608,4194304,11,cycle,insertion,92,4194304,1.00000000000000000,-0.000000000
8,10,512,8388608,4194304,11,cycle,insertion,93,4194304,1.00000000000000000,-0.000000000
8,10,512,8388608,4194304,11,cycle,insertion,94,4194304,1.00000000000000000,-0.000000000
8,10,512,8388608,4194304,11,cycle,insertion,95,4194304,1.00000000000000000,-0.000000000
8,10,512,8388608,4194304,11,cycle,insertion,96,4194304,1.00000000000000000,-0.000000000
8,10,512,8388608,4194304,11,cycle,insertion,97,4194304,1.00000000000000000,-0.000000000
8,10,512,8388608,4194304,11,cycle,insertion,98,4194304,1.00000000000000000,-0.000000000
8,10,512,8388608,4194304,11,cycle,insertion,99,4194304,1.00000000000000000,-0.000000000
8,10,512,8388608,4194304,11,cycle,insertion,100,4194304,1.00000000000000000,-0.000000000
8,10,512,8388608,4194304,11,cycle,insertion,101,4194304,1.00000000000000000,-0.000000000
8,10,512,8388608,4194304,11,cycle,insertion,102,4194304,1.00000000000000000,-0.000000000
8,10,512,8388608,4194304,11,cycle,insertion,103,4194304,1.00000000000000000,-0.000000000
8,10,512,8388608,4194304,11,cycle,insertion,104,4194304,1.00000000000000000,-0.000000000
8,10,512,8388608,4194304,11,cycle,insertion,105,4194304,1.00000000000000000,-0.000000000
8,10,512,8388608,4194304,11,cycle,insertion,106,4194304,1.00000000000000000,-0.000000000
8,10,512,8388608,4194304,11,cycle,insertion,107,4194304,1.00000000000000000,-0.000000000
8,10,512,8388608,4194304,11,cycle,insertion,108,4194304,1.00000000000000000,-0.000000000
8,10,512,8388608,4194304,11,cycle,insertion,109,4194304,1.00000000000000000,-0.000000000
8,10,512,8388608,4194304,11,cycle,insertion,110,4194304,1.00000000000000000,-0.000000000
8,10,512,8388608,4194304,11,cycle,insertion,111,4194304,1.00000000000000000,-0.000000000
8,10,512,8388608,4194304,11,cycle,insertion,112,4194304,1.00000000000000000,-0.000000000
8,10,512,8388608,4194304,11,cycle,insertion,113,4194304,1.00000000000000000,-0.000000000
8,10,512,8388608,4194304,11,cycle,insertion,114,4194304,1.00000000000000000,-0.000000000
8,10,512,8388608,4194304,11,cycle,insertion,115,4194304,1.00000000000000000,-0.000000000
8,10,512,8388608,4194304,11,cycle,insertion,116,4194304,1.00000000000000000,-0.000000000
8,10,512,8388608,4194304,11,cycle,insertion,117,4194304,1.00000000000000000,-0.000000000
8,10,512,8388608,4194304,11,cycle,insertion,118,4194304,1.00000000000000000,-0.000000000
8,10,512,8388608,4194304,11,cycle,insertion,119,4194304,1.00000000000000000,-0.000000000
8,10,512,8388608,4194304,11,cycle,insertion,120,4194304,1.00000000000000000,-0.000000000
8,10,512,8388608,4194304,11,cycle,insertion,121,4194304,1.00000000000000000,-0.000000000
8,10,512,8388608,4194304,11,cycle,insertion,122,4194304,1.00000000000000000,-0.000000000
8,10,512,8388608,4194304,11,cycle,insertion,123,4194304,1.00000000000000000,-0.000000000
8,10,512,8388608,4194304,11,cycle,insertion,124,4194304,1.00000000000000000,-0.000000000
8,10,512,8388608,4194304,11,cycle,insertion,125,4194304,1.00000000000000000,-0.000000000
8,10,512,8388608,4194304,11,cycle,insertion,126,4194304,1.00000000000000000,-0.000000000
8,10,512,8388608,4194304,11,cycle,insertion,127,4194304,1.00000000000000000,-0.000000000
8,10,512,8388608,4194304,11,cycle,insertion,128,4194304,1.00000000000000000,-0.000000000
8,10,512,8388608,4194304,11,cycle,insertion,129,4194304,1.00000000000000000,-0.000000000
8,10,512,8388608,4194304,11,cycle,insertion,130,4194304,1.00000000000000000,-0.000000000
8,10,512,8388608,4194304,11,cycle,insertion,131,4194304,1.00000000000000000,-0.000000000
8,10,512,8388608,4194304,11,cycle,insertion,132,4194304,1.00000000000000000,-0.000000000
8,10,512,8388608,4194304,11,cycle,insertion,133,4194304,1.00000000000000000,-0.000000000
8,10,512,8388608,4194304,11,cycle,insertion,134,4194304,1.00000000000000000,-0.000000000
8,10,512,8388608,4194304,11,cycle,insertion,135,4194304,1.00000000000000000,-0.000000000
8,10,512,8388608,4194304,11,cycle,insertion,136,4194304,1.00000000000000000,-0.000000000
8,10,512,8388608,4194304,11,cycle,insertion,137,4194304,1.00000000000000000,-0.000000000
8,10,512,8388608,4194304,11,cycle,insertion,138,4194304,1.00000000000000000,-0.000000000
8,10,512,8388608,4194304,11,cycle,insertion,139,4194304,1.00000000000000000,-0.000000000
8,10,512,8388608,4194304,11,cycle,insertion,140,4194304,1.00000000000000000,-0.000000000
8,10,512,8388608,4194304,11,cycle,insertion,141,4194304,1.00000000000000000,-0.000000000
8,10,512,8388608,4194304,11,cycle,insertion,142,4194304,1.00000000000000000,-0.000000000
8,10,512,8388608,4194304,11,cycle,insertion,143,4194304,1.00000000000000000,-0.000000000
8,10,512,8388608,4194304,11,cycle,insertion,144,4194304,1.00000000000000000,-0.000000000
8,10,512,8388608,4194304,11,cycle,insertion,145,4194304,1.00000000000000000,-0.000000000
8,10,512,8388608,4194304,11,cycle,insertion,146,4194304,1.00000000000000000,-0.000000000
8,10,512,8388608,4194304,11,cycle,insertion,147,4194304,1.00000000000000000,-0.000000000
8,10,512,8388608,4194304,11,cycle,insertion,148,4194304,1.00000000000000000,-0.000000000
8,10,512,8388608,4194304,11,cycle,insertion,149,4194304,1.00000000000000000,-0.000000000
8,10,512,8388608,4194304,11,cycle,insertion,150,4194304,1.00000000000000000,-0.000000000
8,10,512,8388608,4194304,11,cycle,insertion,151,4194304,1.00000000000000000,-0.000000000
8,10,512,8388608,4194304,11,cycle,insertion,152,4194304,1.00000000000000000,-0.000000000
8,10,512,8388608,4194304,11,cycle,insertion,153,4194304,1.00000000000000000,-0.000000000
8,10,512,8388608,4194304,11,cycle,insertion,154,4194304,1.00000000000000000,-0.000000000
8,10,512,8388608,4194304,11,cycle,insertion,155,4194304,1.00000000000000000,-0.000000000
8,10,512,8388608,4194304,11,cycle,insertion,156,4194304,1.00000000000000000,-0.000000000
8,10,512,8388608,4194304,11,cycle,insertion,157,4194304,1.00000000000000000,-0.000000000
8,10,512,8388608,4194304,11,cycle,insertion,158,4194304,1.00000000000000000,-0.000000000
8,10,512,8388608,4194304,11,cycle,insertion,159,4194304,1.00000000000000000,-0.000000000
8,10,512,8388608,4194304,11,cycle,insertion,160,4194304,1.00000000000000000,-0.000000000
8,10,512,8388608,4194304,11,cycle,insertion,161,4194304,1.00000000000000000,-0.000000000
8,10,512,8388608,4194304,11,cycle,insertion,162,4194304,1.00000000000000000,-0.000000000
8,10,512,8388608,4194304,11,cycle,insertion,163,4194304,1.00000000000000000,-0.000000000
8,10,512,8388608,4194304,11,cycle,insertion,164,4194304,1.00000000000000000,-0.000000000
8,10,512,8388608,4194304,11,cycle,insertion,165,4194304,1.00000000000000000,-0.000000000
8,10,512,8388608,4194304,11,cycle,insertion,166,4194304,1.00000000000000000,-0.000000000
8,10,512,8388608,4194304,11,cycle,insertion,167,4194304,1.00000000000000000,-0.000000000
8,10,512,8388608,4194304,11,cycle,insertion,168,4194304,1.00000000000000000,-0.000000000
8,10,512,8388608,4194304,11,cycle,insertion,169,4194304,1.00000000000000000,-0.000000000
8,10,512,8388608,4194304,11,cycle,insertion,170,4194304,1.00000000000000000,-0.000000000
8,10,512,8388608,4194304,11,cycle,insertion,171,4194304,1.00000000000000000,-0.000000000
8,10,512,8388608,4194304,11,cycle,insertion,172,4194304,1.00000000000000000,-0.000000000
8,10,512,8388608,4194304,11,cycle,insertion,173,4194304,1.00000000000000000,-0.000000000
8,10,512,8388608,4194304,11,cycle,insertion,174,4194304,1.00000000000000000,-0.000000000
8,10,512,8388608,4194304,11,cycle,insertion,175,4194304,1.00000000000000000,-0.000000000
8,10,512,8388608,4194304,11,cycle,insertion,176,4194304,1.00000000000000000,-0.000000000
8,10,512,8388608,4194304,11,cycle,insertion,177,4194304,1.00000000000000000,-0.000000000
8,10,512,8388608,4194304,11,cycle,insertion,178,4194304,1.00000000000000000,-0.000000000
8,10,512,8388608,4194304,11,cycle,insertion,179,4194304,1.00000000000000000,-0.000000000
8,10,512,8388608,4194304,11,cycle,insertion,180,4194304,1.00000000000000000,-0.000000000
8,10,512,8388608,4194304,11,cycle,insertion,181,4194304,1.00000000000000000,-0.000000000
8,10,512,8388608,4194304,11,cycle,insertion,182,4194304,1.00000000000000000,-0.000000000
8,10,512,8388608,4194304,11,cycle,insertion,183,4194304,1.00000000000000000,-0.000000000
8,10,512,8388608,4194304,11,cycle,insertion,184,4194304,1.00000000000000000,-0.000000000
8,10,512,8388608,4194304,11,cycle,insertion,185,4194304,1.00000000000000000,-0.000000000
8,10,512,8388608,4194304,11,cycle,insertion,186,4194304,1.00000000000000000,-0.000000000
8,10,512,8388608,4194304,11,cycle,insertion,187,4194304,1.00000000000000000,-0.000000000
8,10,512,8388608,4194304,11,cycle,insertion,188,4194304,1.00000000000000000,-0.000000000
8,10,512,8388608,4194304,11,cycle,insertion,189,4194304,1.00000000000000000,-0.000000000
8,10,512,8388608,4194304,11,cycle,insertion,190,4194304,1.00000000000000000,-0.000000000
8,10,512,8388608,4194304,11,cycle,insertion,191,4194304,1.00000000000000000,-0.000000000
8,10,512,8388608,4194304,11,cycle,insertion,192,4194304,1.00000000000000000,-0.000000000
8,10,512,8388608,4194304,11,cycle,insertion,193,4194304,1.00000000000000000,-0.000000000
8,10,512,8388608,4194304,11,cycle,insertion,194,4194304,1.00000000000000000,-0.000000000
8,10,512,8388608,4194304,11,cycle,insertion,195,4194304,1.00000000000000000,-0.000000000
8,10,512,8388608,4194304,11,cycle,insertion,196,4194304,1.00000000000000000,-0.000000000
8,10,512,8388608,4194304,11,cycle,insertion,197,4194304,1.00000000000000000,-0.000000000
8,10,512,8388608,4194304,11,cycle,insertion,198,4194304,1.00000000000000000,-0.000000000
8,10,512,8388608,4194304,11,cycle,insertion,199,4194304,1.00000000000000000,-0.000000000
8,10,512,8388608,4194304,11,cycle,insertion,200,4194304,1.00000000000000000,-0.000000000
8,10,512,8388608,4194304,11,cycle,insertion,201,4194304,1.00000000000000000,-0.000000000
8,10,512,8388608,4194304,11,cycle,insertion,202,4194304,1.00000000000000000,-0.000000000
8,10,512,8388608,4194304,11,cycle,insertion,203,4194304,1.00000000000000000,-0.000000000
8,10,512,8388608,4194304,11,cycle,insertion,204,4194304,1.00000000000000000,-0.000000000
8,10,512,8388608,4194304,11,cycle,insertion,205,4194304,1.00000000000000000,-0.000000000
8,10,512,8388608,4194304,11,cycle,insertion,206,4194304,1.00000000000000000,-0.000000000
8,10,512,8388608,4194304,11,cycle,insertion,207,4194304,1.00000000000000000,-0.000000000
8,10,512,8388608,4194304,11,cycle,insertion,208,4194304,1.00000000000000000,-0.000000000
8,10,512,8388608,4194304,11,cycle,insertion,209,4194304,1.00000000000000000,-0.000000000
8,10,512,8388608,4194304,11,cycle,insertion,210,4194304,1.00000000000000000,-0.000000000
8,10,512,8388608,4194304,11,cycle,insertion,211,4194304,1.00000000000000000,-0.000000000
8,10,512,8388608,4194304,11,cycle,insertion,212,4194304,1.00000000000000000,-0.000000000
8,10,512,8388608,4194304,11,cycle,insertion,213,4194304,1.00000000000000000,-0.000000000
8,10,512,8388608,4194304,11,cycle,insertion,214,4194304,1.00000000000000000,-0.000000000
8,10,512,8388608,4194304,11,cycle,insertion,215,4194304,1.00000000000000000,-0.000000000
8,10,512,8388608,4194304,11,cycle,insertion,216,4194304,1.00000000000000000,-0.000000000
8,10,512,8388608,4194304,11,cycle,insertion,217,4194304,1.00000000000000000,-0.000000000
8,10,512,8388608,4194304,11,cycle,insertion,218,4194304,1.00000000000000000,-0.000000000
8,10,512,8388608,4194304,11,cycle,insertion,219,4194304,1.00000000000000000,-0.000000000
8,10,512,8388608,4194304,11,cycle,insertion,220,4194304,1.00000000000000000,-0.000000000
8,10,512,8388608,4194304,11,cycle,insertion,221,4194304,1.00000000000000000,-0.000000000
8,10,512,8388608,4194304,11,cycle,insertion,222,4194304,1.00000000000000000,-0.000000000
8,10,512,8388608,4194304,11,cycle,insertion,223,4194300,0.99999904632568359,0.000001376
8,10,512,8388608,4194304,11,cycle,insertion,224,4194297,0.99999833106994629,0.000002408
8,10,512,8388608,4194304,11,cycle,insertion,225,4194292,0.99999713897705078,0.000004128
8,10,512,8388608,4194304,11,cycle,insertion,226,4194286,0.99999570846557617,0.000006191
8,10,512,8388608,4194304,11,cycle,insertion,227,4194276,0.99999332427978516,0.000009631
8,10,512,8388608,4194304,11,cycle,insertion,228,4194265,0.99999070167541504,0.000013415
8,10,512,8388608,4194304,11,cycle,insertion,229,4194251,0.99998736381530762,0.000018230
8,10,512,8388608,4194304,11,cycle,insertion,230,4194229,0.99998211860656738,0.000025798
8,10,512,8388608,4194304,11,cycle,insertion,231,4194215,0.99997878074645996,0.000030613
8,10,512,8388608,4194304,11,cycle,insertion,232,4194202,0.99997568130493164,0.000035085
8,10,512,8388608,4194304,11,cycle,insertion,233,4194187,0.99997210502624512,0.000040245
8,10,512,8388608,4194304,11,cycle,insertion,234,4194150,0.99996328353881836,0.000052972
8,10,512,8388608,4194304,11,cycle,insertion,235,4194100,0.99995136260986328,0.000070171
8,10,512,8388608,4194304,11,cycle,insertion,236,4194042,0.99993753433227539,0.000090122
8,10,512,8388608,4194304,11,cycle,insertion,237,4193990,0.99992513656616211,0.000108009
8,10,512,8388608,4194304,11,cycle,insertion,238,4193939,0.99991297721862793,0.000125553
8,10,512,8388608,4194304,11,cycle,insertion,239,4193884,0.99989986419677734,0.000144473
8,10,512,8388608,4194304,11,cycle,insertion,240,4193827,0.99988627433776855,0.000164081
8,10,512,8388608,4194304,11,cycle,insertion,241,4193734,0.99986410140991211,0.000196074
8,10,512,8388608,4194304,11,cycle,insertion,242,4193637,0.99984097480773926,0.000229443
8,10,512,8388608,4194304,11,cycle,insertion,243,4193541,0.99981808662414551,0.000262469
8,10,512,8388608,4194304,11,cycle,insertion,244,4193413,0.99978756904602051,0.000306506
8,10,512,8388608,4194304,11,cycle,insertion,245,4193288,0.99975776672363281,0.000349511
8,10,512,8388608,4194304,11,cycle,insertion,246,4193169,0.99972939491271973,0.000390453
8,10,512,8388608,4194304,11,cycle,insertion,247,4192997,0.99968838691711426,0.000449633
8,10,512,8388608,4194304,11,cycle,insertion,248,4192757,0.99963116645812988,0.000532212
8,10,512,8388608,4194304,11,cycle,insertion,249,4192487,0.99956679344177246,0.000625120
8,10,512,8388608,4194304,11,cycle,insertion,250,4192102,0.99947500228881836,0.000757610
8,10,512,8388608,4194304,11,cycle,insertion,251,4191700,0.99937915802001953,0.000895964
8,10,512,8388608,4194304,11,cycle,insertion,252,4191126,0.99924230575561523,0.001093536
8,10,512,8388608,4194304,11,cycle,insertion,253,4190456,0.99908256530761719,0.001324186
8,10,512,8388608,4194304,11,cycle,insertion,254,4189620,0.99888324737548828,0.001612034
8,10,512,8388608,4194304,11,cycle,insertion,255,4188523,0.99862170219421387,0.001989835
8,10,512,8388608,4194304,11,cycle,insertion,256,4187243,0.99831652641296387,0.002430786
8,10,512,8388608,4194304,11,cycle,insertion,257,4185549,0.99791264533996582,0.003014564
8,10,512,8388608,4194304,11,cycle,insertion,258,4183685,0.99746823310852051,0.003657199
8,10,512,8388608,4194304,11,cycle,insertion,259,4181285,0.99689602851867676,0.004485049
8,10,512,8388608,4194304,11,cycle,insertion,260,4178470,0.99622488021850586,0.005456653
8,10,512,8388608,4194304,11,cycle,insertion,261,4175131,0.99542880058288574,0.006609966
8,10,512,8388608,4194304,11,cycle,insertion,262,4171225,0.99449753761291504,0.007960296
8,10,512,8388608,4194304,11,cycle,insertion,263,4166899,0.99346613883972168,0.009457299
8,10,512,8388608,4194304,11,cycle,insertion,264,4161812,0.99225330352783203,0.011219634
8,10,512,8388608,4194304,11,cycle,insertion,265,4156316,0.99094295501708984,0.013126086
8,10,512,8388608,4194304,11,cycle,insertion,266,4149530,0.98932504653930664,0.015483493
8,10,512,8388608,4194304,11,cycle,insertion,267,4142061,0.98754429817199707,0.018082630
8,10,512,8388608,4194304,11,cycle,insertion,268,4133598,0.98552656173706055,0.021033340
8,10,512,8388608,4194304,11,cycle,insertion,269,4124266,0.98330163955688477,0.024294046
8,10,512,8388608,4194304,11,cycle,insertion,270,4113585,0.98075509071350098,0.028035176
8,10,512,8388608,4194304,11,cycle,insertion,271,4101812,0.97794818878173828,0.032170061
8,10,512,8388608,4194304,11,cycle,insertion,272,4088549,0.97478604316711426,0.036842500
8,10,512,8388608,4194304,11,cycle,insertion,273,4073878,0.97128820419311523,0.042028654
8,10,512,8388608,4194304,11,cycle,insertion,274,4057598,0.96740674972534180,0.047805491
8,10,512,8388608,4194304,11,cycle,insertion,275,4039596,0.96311473846435547,0.054220414
8,10,512,8388608,4194304,11,cycle,insertion,276,4019333,0.95828366279602051,0.061475322
8,10,512,8388608,4194304,11,cycle,insertion,277,3997411,0.95305705070495605,0.069365517
8,10,512,8388608,4194304,11,cycle,insertion,278,3972895,0.94721198081970215,0.078240766
8,10,512,8388608,4194304,11,cycle,insertion,279,3946329,0.94087815284729004,0.087920194
8,10,512,8388608,4194304,11,cycle,insertion,280,3917357,0.93397068977355957,0.098550819
8,10,512,8388608,4194304,11,cycle,insertion,281,3885953,0.92648339271545410,0.110162979
8,10,512,8388608,4194304,11,cycle,insertion,282,3851787,0.91833758354187012,0.122903505
8,10,512,8388608,4194304,11,cycle,insertion,283,3814843,0.90952944755554199,0.136807747
8,10,512,8388608,4194304,11,cycle,insertion,284,3774738,0.89996767044067383,0.152054918
8,10,512,8388608,4194304,11,cycle,insertion,285,3731490,0.88965654373168945,0.168679611
8,10,512,8388608,4194304,11,cycle,insertion,286,3685083,0.87859225273132324,0.186734317
8,10,512,8388608,4194304,11,cycle,insertion,287,3635612,0.86679744720458984,0.206233190
8,10,512,8388608,4194304,11,cycle,insertion,288,3583772,0.85443782806396484,0.226952575
8,10,512,8388608,4194304,11,cycle,insertion,289,3528152,0.84117698669433594,0.249518714
8,10,512,8388608,4194304,11,cycle,insertion,290,3469804,0.82726573944091797,0.273577260
8,10,512,8388608,4194304,11,cycle,insertion,291,3407964,0.81252193450927734,0.299521335
8,10,512,8388608,4194304,11,cycle,insertion,292,3343526,0.79715871810913086,0.327061095
8,10,512,8388608,4194304,11,cycle,insertion,293,3276431,0.78116202354431152,0.356306281
8,10,512,8388608,4194304,11,cycle,insertion,294,3205344,0.76421356201171875,0.387952234
8,10,512,8388608,4194304,11,cycle,insertion,295,3132706,0.74689531326293945,0.421022049
8,10,512,8388608,4194304,11,cycle,insertion,296,3056615,0.72875380516052246,0.456496584
8,10,512,8388608,4194304,11,cycle,insertion,297,2978227,0.71006464958190918,0.493977711
8,10,512,8388608,4194304,11,cycle,insertion,298,2897797,0.69088864326477051,0.533474898
8,10,512,8388608,4194304,11,cycle,insertion,299,2815219,0.67120051383972168,0.575184275
8,10,512,8388608,4194304,11,cycle,insertion,300,2730295,0.65095305442810059,0.619374592
8,10,512,8388608,4194304,11,cycle,insertion,301,2643539,0.63026881217956543,0.665960820
8,10,512,8388608,4194304,11,cycle,insertion,302,2554675,0.60908198356628418,0.715291664
8,10,512,8388608,4194304,11,cycle,insertion,303,2464126,0.58749341964721680,0.767355402
8,10,512,8388608,4194304,11,cycle,insertion,304,2373008,0.56576919555664062,0.821714466
8,10,512,8388608,4194304,11,cycle,insertion,305,2280719,0.54376578330993652,0.878942723
8,10,512,8388608,4194304,11,cycle,insertion,306,2188027,0.52166628837585449,0.938800890
8,10,512,8388608,4194304,11,cycle,insertion,307,2095574,0.49962377548217773,1.001085963
8,10,512,8388608,4194304,11,cycle,insertion,308,2004165,0.47783017158508301,1.065430142
8,10,512,8388608,4194304,11,cycle,insertion,309,1912090,0.45587778091430664,1.133281000
8,10,512,8388608,4194304,11,cycle,insertion,310,1821038,0.43416929244995117,1.203670403
8,10,512,8388608,4194304,11,cycle,insertion,311,1730525,0.41258931159973145,1.277221647
8,10,512,8388608,4194304,11,cycle,insertion,312,1640652,0.39116191864013672,1.354162171
8,10,512,8388608,4194304,11,cycle,insertion,313,1552041,0.37003540992736816,1.434264761
8,10,512,8388608,4194304,11,cycle,insertion,314,1466189,0.34956669807434082,1.516360344
8,10,512,8388608,4194304,11,cycle,insertion,315,1382465,0.32960534095764160,1.601188475
8,10,512,8388608,4194304,11,cycle,insertion,316,1300157,0.30998158454895020,1.689745585
8,10,512,8388608,4194304,11,cycle,insertion,317,1219758,0.29081296920776367,1.781836485
8,10,512,8388608,4194304,11,cycle,insertion,318,1141361,0.27212166786193848,1.877676258
8,10,512,8388608,4194304,11,cycle,insertion,319,1064662,0.25383520126342773,1.978035942
8,10,512,8388608,4194304,11,cycle,insertion,320,990530,0.23616075515747070,2.082158855
8,10,512,8388608,4194304,11,cycle,insertion,321,919627,0.21925616264343262,2.189310702
8,10,512,8388608,4194304,11,cycle,insertion,322,852233,0.20318818092346191,2.299111609
8,10,512,8388608,4194304,11,cycle,insertion,323,786914,0.18761491775512695,2.414153550
8,10,512,8388608,4194304,11,cycle,insertion,324,725720,0.17302513122558594,2.530946496
8,10,512,8388608,4194304,11,cycle,insertion,325,667514,0.15914773941040039,2.651561430
8,10,512,8388608,4194304,11,cycle,insertion,326,613050,0.14616250991821289,2.774354781
8,10,512,8388608,4194304,11,cycle,insertion,327,561166,0.13379240036010742,2.901931924
8,10,512,8388608,4194304,11,cycle,insertion,328,511897,0.12204575538635254,3.034505974
8,10,512,8388608,4194304,11,cycle,insertion,329,465136,0.11089706420898438,3.172706922
8,10,512,8388608,4194304,11,cycle,insertion,330,422004,0.10061359405517578,3.313102852
8,10,512,8388608,4194304,11,cycle,insertion,331,382166,0.09111547470092773,3.456160093
8,10,512,8388608,4194304,11,cycle,insertion,332,344746,0.08219385147094727,3.604825713
8,10,512,8388608,4194304,11,cycle,insertion,333,309987,0.07390666007995605,3.758151811
8,10,512,8388608,4194304,11,cycle,insertion,334,278292,0.06634998321533203,3.913760089
8,10,512,8388608,4194304,11,cycle,insertion,335,249424,0.05946731567382812,4.071759235
8,10,512,8388608,4194304,11,cycle,insertion,336,222769,0.05311226844787598,4.234811041
8,10,512,8388608,4194304,11,cycle,insertion,337,198256,0.04726791381835938,4.402994997
8,10,512,8388608,4194304,11,cycle,insertion,338,175749,0.04190182685852051,4.576843045
8,10,512,8388608,4194304,11,cycle,insertion,339,155340,0.03703594207763672,4.754930154
8,10,512,8388608,4194304,11,cycle,insertion,340,137188,0.03270816802978516,4.934205233
8,10,512,8388608,4194304,11,cycle,insertion,341,120571,0.02874636650085449,5.120476577
8,10,512,8388608,4194304,11,cycle,insertion,342,105811,0.02522730827331543,5.308869909
8,10,512,8388608,4194304,11,cycle,insertion,343,92332,0.02201366424560547,5.505456883
8,10,512,8388608,4194304,11,cycle,insertion,344,80577,0.01921105384826660,5.701919528
8,10,512,8388608,4194304,11,cycle,insertion,345,70230,0.01674413681030273,5.900200185
8,10,512,8388608,4194304,11,cycle,insertion,346,61137,0.01457619667053223,6.100241860
8,10,512,8388608,4194304,11,cycle,insertion,347,53259,0.01269793510437012,6.299262280
8,10,512,8388608,4194304,11,cycle,insertion,348,46399,0.01106238365173340,6.498193908
8,10,512,8388608,4194304,11,cycle,insertion,349,40091,0.00955843925476074,6.709009217
8,10,512,8388608,4194304,11,cycle,insertion,350,34609,0.00825142860412598,6.921140364
8,10,512,8388608,4194304,11,cycle,insertion,351,29556,0.00704669952392578,7.148836587
8,10,512,8388608,4194304,11,cycle,insertion,352,25111,0.00598692893981934,7.383968138
8,10,512,8388608,4194304,11,cycle,insertion,353,21240,0.00506401062011719,7.625503854
8,10,512,8388608,4194304,11,cycle,insertion,354,17984,0.00428771972656250,7.865573680
8,10,512,8388608,4194304,11,cycle,insertion,355,15176,0.00361824035644531,8.110496037
8,10,512,8388608,4194304,11,cycle,insertion,356,12681,0.00302338600158691,8.369619102
8,10,512,8388608,4194304,11,cycle,insertion,357,10618,0.00253152847290039,8.625775574
8,10,512,8388608,4194304,11,cycle,insertion,358,8858,0.00211191177368164,8.887234718
8,10,512,8388608,4194304,11,cycle,insertion,359,7310,0.00174283981323242,9.164344309
8,10,512,8388608,4194304,11,cycle,insertion,360,6039,0.00143980979919434,9.439906042
8,10,512,8388608,4194304,11,cycle,insertion,361,5048,0.00120353698730469,9.698503805
8,10,512,8388608,4194304,11,cycle,insertion,362,4181,0.00099682807922363,9.970367672
8,10,512,8388608,4194304,11,cycle,insertion,363,3468,0.00082683563232422,10.240111817
8,10,512,8388608,4194304,11,cycle,insertion,364,2916,0.00069522857666016,10.490224996
8,10,512,8388608,4194304,11,cycle,insertion,365,2455,0.00058531761169434,10.738492691
8,10,512,8388608,4194304,11,cycle,insertion,366,1979,0.00047183036804199,11.049444103
8,10,512,8388608,4194304,11,cycle,insertion,367,1633,0.00038933753967285,11.326690924
8,10,512,8388608,4194304,11,cycle,insertion,368,1285,0.00030636787414551,11.672447356
8,10,512,8388608,4194304,11,cycle,insertion,369,1014,0.00024175643920898,12.014158063
8,10,512,8388608,4194304,11,cycle,insertion,370,731,0.00017428398132324,12.486272404
8,10,512,8388608,4194304,11,cycle,insertion,371,509,0.00012135505676270,13.008478154
8,10,512,8388608,4194304,11,cycle,insertion,372,310,0.00007390975952148,13.723875595
8,10,512,8388608,4194304,11,cycle,insertion,373,226,0.00005388259887695,14.179821038
8,10,512,8388608,4194304,11,cycle,insertion,374,166,0.00003957748413086,14.624960569
8,10,512,8388608,4194304,11,cycle,insertion,375,140,0.00003337860107422,14.870716983
8,10,512,8388608,4194304,11,cycle,insertion,376,129,0.00003075599670410,14.988772745
8,10,512,8388608,4194304,11,cycle,insertion,377,115,0.00002741813659668,15.154509949
8,10,512,8388608,4194304,11,cycle,insertion,378,108,0.00002574920654297,15.245112498
8,10,512,8388608,4194304,11,cycle,insertion,379,99,0.00002360343933105,15.370643380
8,10,512,8388608,4194304,11,cycle,insertion,380,92,0.00002193450927734,15.476438044
8,10,512,8388608,4194304,11,cycle,insertion,381,76,0.00001811981201172,15.752072487
8,10,512,8388608,4194304,11,cycle,insertion,382,60,0.00001430511474609,16.093109404
8,10,512,8388608,4194304,11,cycle,insertion,383,50,0.00001192092895508,16.356143810
8,10,512,8388608,4194304,11,cycle,insertion,384,33,0.00000786781311035,16.955605881
8,10,512,8388608,4194304,11,cycle,insertion,385,22,0.00000524520874023,17.540568381
8,10,512,8388608,4194304,11,cycle,insertion,386,18,0.00000429153442383,17.830074999
8,10,512,8388608,4194304,11,cycle,insertion,387,7,0.00000166893005371,19.192645078
8,10,512,8388608,4194304,11,cycle,insertion,388,2,0.00000047683715820,21.000000000
8,10,512,8388608,4194304,11,cycle,insertion,389,0,0.00000000000000000,inf
