b,z,y,n,warmup,operations,workload,bucket_slots,queue_policy,rng_source,initialization,metric,threshold,exceed_count,probability,log2_inverse,eviction_policy,eviction_chains,path_schedule,deterministic_numerator,deterministic_denominator
2,4,1,1024,262144,1048576,cycle,4,random,os-getrandom,random-old-and-new-paths,post,0,1048576,1.00000000000000000,-0.000000000,fixed,1,access-plus-rate-deterministic,3,8
2,4,1,1024,262144,1048576,cycle,4,random,os-getrandom,random-old-and-new-paths,post,1,1048570,0.99999427795410156,0.000008255,fixed,1,access-plus-rate-deterministic,3,8
2,4,1,1024,262144,1048576,cycle,4,random,os-getrandom,random-old-and-new-paths,post,2,1048543,0.99996852874755859,0.000045404,fixed,1,access-plus-rate-deterministic,3,8
2,4,1,1024,262144,1048576,cycle,4,random,os-getrandom,random-old-and-new-paths,post,3,1048466,0.99989509582519531,0.000151353,fixed,1,access-plus-rate-deterministic,3,8
2,4,1,1024,262144,1048576,cycle,4,random,os-getrandom,random-old-and-new-paths,post,4,1048216,0.99965667724609375,0.000495395,fixed,1,access-plus-rate-deterministic,3,8
2,4,1,1024,262144,1048576,cycle,4,random,os-getrandom,random-old-and-new-paths,post,5,1047553,0.99902439117431641,0.001408193,fixed,1,access-plus-rate-deterministic,3,8
2,4,1,1024,262144,1048576,cycle,4,random,os-getrandom,random-old-and-new-paths,post,6,1046031,0.99757289886474609,0.003505823,fixed,1,access-plus-rate-deterministic,3,8
2,4,1,1024,262144,1048576,cycle,4,random,os-getrandom,random-old-and-new-paths,post,7,1042981,0.99466419219970703,0.007718554,fixed,1,access-plus-rate-deterministic,3,8
2,4,1,1024,262144,1048576,cycle,4,random,os-getrandom,random-old-and-new-paths,post,8,1037418,0.98935890197753906,0.015434124,fixed,1,access-plus-rate-deterministic,3,8
2,4,1,1024,262144,1048576,cycle,4,random,os-getrandom,random-old-and-new-paths,post,9,1028172,0.98054122924804688,0.028349802,fixed,1,access-plus-rate-deterministic,3,8
2,4,1,1024,262144,1048576,cycle,4,random,os-getrandom,random-old-and-new-paths,post,10,1013968,0.96699523925781250,0.048419308,fixed,1,access-plus-rate-deterministic,3,8
2,4,1,1024,262144,1048576,cycle,4,random,os-getrandom,random-old-and-new-paths,post,11,992775,0.94678401947021484,0.078892739,fixed,1,access-plus-rate-deterministic,3,8
2,4,1,1024,262144,1048576,cycle,4,random,os-getrandom,random-old-and-new-paths,post,12,963313,0.91868686676025391,0.122354890,fixed,1,access-plus-rate-deterministic,3,8
2,4,1,1024,262144,1048576,cycle,4,random,os-getrandom,random-old-and-new-paths,post,13,924372,0.88154983520507812,0.181885966,fixed,1,access-plus-rate-deterministic,3,8
2,4,1,1024,262144,1048576,cycle,4,random,os-getrandom,random-old-and-new-paths,post,14,876799,0.83618068695068359,0.258113373,fixed,1,access-plus-rate-deterministic,3,8
2,4,1,1024,262144,1048576,cycle,4,random,os-getrandom,random-old-and-new-paths,post,15,820797,0.78277301788330078,0.353334068,fixed,1,access-plus-rate-deterministic,3,8
2,4,1,1024,262144,1048576,cycle,4,random,os-getrandom,random-old-and-new-paths,post,16,757908,0.72279739379882812,0.468336791,fixed,1,access-plus-rate-deterministic,3,8
2,4,1,1024,262144,1048576,cycle,4,random,os-getrandom,random-old-and-new-paths,post,17,690942,0.65893363952636719,0.601794915,fixed,1,access-plus-rate-deterministic,3,8
2,4,1,1024,262144,1048576,cycle,4,random,os-getrandom,random-old-and-new-paths,post,18,620273,0.59153842926025391,0.757456199,fixed,1,access-plus-rate-deterministic,3,8
2,4,1,1024,262144,1048576,cycle,4,random,os-getrandom,random-old-and-new-paths,post,19,547637,0.52226734161376953,0.937139603,fixed,1,access-plus-rate-deterministic,3,8
2,4,1,1024,262144,1048576,cycle,4,random,os-getrandom,random-old-and-new-paths,post,20,476022,0.45396995544433594,1.139331274,fixed,1,access-plus-rate-deterministic,3,8
2,4,1,1024,262144,1048576,cycle,4,random,os-getrandom,random-old-and-new-paths,post,21,408215,0.38930416107177734,1.361030330,fixed,1,access-plus-rate-deterministic,3,8
2,4,1,1024,262144,1048576,cycle,4,random,os-getrandom,random-old-and-new-paths,post,22,345031,0.32904720306396484,1.603633536,fixed,1,access-plus-rate-deterministic,3,8
2,4,1,1024,262144,1048576,cycle,4,random,os-getrandom,random-old-and-new-paths,post,23,287252,0.27394485473632812,1.868042588,fixed,1,access-plus-rate-deterministic,3,8
2,4,1,1024,262144,1048576,cycle,4,random,os-getrandom,random-old-and-new-paths,post,24,235295,0.22439479827880859,2.155888862,fixed,1,access-plus-rate-deterministic,3,8
2,4,1,1024,262144,1048576,cycle,4,random,os-getrandom,random-old-and-new-paths,post,25,189979,0.18117809295654297,2.464519572,fixed,1,access-plus-rate-deterministic,3,8
2,4,1,1024,262144,1048576,cycle,4,random,os-getrandom,random-old-and-new-paths,post,26,151313,0.14430332183837891,2.792823584,fixed,1,access-plus-rate-deterministic,3,8
2,4,1,1024,262144,1048576,cycle,4,random,os-getrandom,random-old-and-new-paths,post,27,119519,0.11398220062255859,3.133119543,fixed,1,access-plus-rate-deterministic,3,8
2,4,1,1024,262144,1048576,cycle,4,random,os-getrandom,random-old-and-new-paths,post,28,93642,0.08930397033691406,3.485131873,fixed,1,access-plus-rate-deterministic,3,8
2,4,1,1024,262144,1048576,cycle,4,random,os-getrandom,random-old-and-new-paths,post,29,72669,0.06930255889892578,3.850947567,fixed,1,access-plus-rate-deterministic,3,8
2,4,1,1024,262144,1048576,cycle,4,random,os-getrandom,random-old-and-new-paths,post,30,55735,0.05315303802490234,4.233704037,fixed,1,access-plus-rate-deterministic,3,8
2,4,1,1024,262144,1048576,cycle,4,random,os-getrandom,random-old-and-new-paths,post,31,42438,0.04047203063964844,4.626930953,fixed,1,access-plus-rate-deterministic,3,8
2,4,1,1024,262144,1048576,cycle,4,random,os-getrandom,random-old-and-new-paths,post,32,32180,0.03068923950195312,5.026123294,fixed,1,access-plus-rate-deterministic,3,8
2,4,1,1024,262144,1048576,cycle,4,random,os-getrandom,random-old-and-new-paths,post,33,24099,0.02298259735107422,5.443314338,fixed,1,access-plus-rate-deterministic,3,8
2,4,1,1024,262144,1048576,cycle,4,random,os-getrandom,random-old-and-new-paths,post,34,17689,0.01686954498291016,5.889435129,fixed,1,access-plus-rate-deterministic,3,8
2,4,1,1024,262144,1048576,cycle,4,random,os-getrandom,random-old-and-new-paths,post,35,12514,0.01193428039550781,6.388744611,fixed,1,access-plus-rate-deterministic,3,8
2,4,1,1024,262144,1048576,cycle,4,random,os-getrandom,random-old-and-new-paths,post,36,8734,0.00832939147949219,6.907573184,fixed,1,access-plus-rate-deterministic,3,8
2,4,1,1024,262144,1048576,cycle,4,random,os-getrandom,random-old-and-new-paths,post,37,5961,0.00568485260009766,7.458661342,fixed,1,access-plus-rate-deterministic,3,8
2,4,1,1024,262144,1048576,cycle,4,random,os-getrandom,random-old-and-new-paths,post,38,3964,0.00378036499023438,8.047258753,fixed,1,access-plus-rate-deterministic,3,8
2,4,1,1024,262144,1048576,cycle,4,random,os-getrandom,random-old-and-new-paths,post,39,2567,0.00244808197021484,8.674132419,fixed,1,access-plus-rate-deterministic,3,8
2,4,1,1024,262144,1048576,cycle,4,random,os-getrandom,random-old-and-new-paths,post,40,1629,0.00155353546142578,9.330229111,fixed,1,access-plus-rate-deterministic,3,8
2,4,1,1024,262144,1048576,cycle,4,random,os-getrandom,random-old-and-new-paths,post,41,1055,0.00100612640380859,9.956972716,fixed,1,access-plus-rate-deterministic,3,8
2,4,1,1024,262144,1048576,cycle,4,random,os-getrandom,random-old-and-new-paths,post,42,636,0.00060653686523438,10.687117045,fixed,1,access-plus-rate-deterministic,3,8
2,4,1,1024,262144,1048576,cycle,4,random,os-getrandom,random-old-and-new-paths,post,43,386,0.00036811828613281,11.407542963,fixed,1,access-plus-rate-deterministic,3,8
2,4,1,1024,262144,1048576,cycle,4,random,os-getrandom,random-old-and-new-paths,post,44,219,0.00020885467529297,12.225212940,fixed,1,access-plus-rate-deterministic,3,8
2,4,1,1024,262144,1048576,cycle,4,random,os-getrandom,random-old-and-new-paths,post,45,98,0.00009346008300781,13.385290156,fixed,1,access-plus-rate-deterministic,3,8
2,4,1,1024,262144,1048576,cycle,4,random,os-getrandom,random-old-and-new-paths,post,46,45,0.00004291534423828,14.508146904,fixed,1,access-plus-rate-deterministic,3,8
2,4,1,1024,262144,1048576,cycle,4,random,os-getrandom,random-old-and-new-paths,post,47,24,0.00002288818359375,15.415037499,fixed,1,access-plus-rate-deterministic,3,8
2,4,1,1024,262144,1048576,cycle,4,random,os-getrandom,random-old-and-new-paths,post,48,14,0.00001335144042969,16.192645078,fixed,1,access-plus-rate-deterministic,3,8
2,4,1,1024,262144,1048576,cycle,4,random,os-getrandom,random-old-and-new-paths,post,49,1,0.00000095367431641,20.000000000,fixed,1,access-plus-rate-deterministic,3,8
2,4,1,1024,262144,1048576,cycle,4,random,os-getrandom,random-old-and-new-paths,post,50,0,0.00000000000000000,inf,fixed,1,access-plus-rate-deterministic,3,8
2,4,1,1024,262144,1048576,cycle,4,random,os-getrandom,random-old-and-new-paths,insertion,0,1048576,1.00000000000000000,-0.000000000,fixed,1,access-plus-rate-deterministic,3,8
2,4,1,1024,262144,1048576,cycle,4,random,os-getrandom,random-old-and-new-paths,insertion,1,1048576,1.00000000000000000,-0.000000000,fixed,1,access-plus-rate-deterministic,3,8
2,4,1,1024,262144,1048576,cycle,4,random,os-getrandom,random-old-and-new-paths,insertion,2,1048570,0.99999427795410156,0.000008255,fixed,1,access-plus-rate-deterministic,3,8
2,4,1,1024,262144,1048576,cycle,4,random,os-getrandom,random-old-and-new-paths,insertion,3,1048543,0.99996852874755859,0.000045404,fixed,1,access-plus-rate-deterministic,3,8
2,4,1,1024,262144,1048576,cycle,4,random,os-getrandom,random-old-and-new-paths,insertion,4,1048466,0.99989509582519531,0.000151353,fixed,1,access-plus-rate-deterministic,3,8
2,4,1,1024,262144,1048576,cycle,4,random,os-getrandom,random-old-and-new-paths,insertion,5,1048216,0.99965667724609375,0.000495395,fixed,1,access-plus-rate-deterministic,3,8
2,4,1,1024,262144,1048576,cycle,4,random,os-getrandom,random-old-and-new-paths,insertion,6,1047553,0.99902439117431641,0.001408193,fixed,1,access-plus-rate-deterministic,3,8
2,4,1,1024,262144,1048576,cycle,4,random,os-getrandom,random-old-and-new-paths,insertion,7,1046031,0.99757289886474609,0.003505823,fixed,1,access-plus-rate-deterministic,3,8
2,4,1,1024,262144,1048576,cycle,4,random,os-getrandom,random-old-and-new-paths,insertion,8,1042981,0.99466419219970703,0.007718554,fixed,1,access-plus-rate-deterministic,3,8
2,4,1,1024,262144,1048576,cycle,4,random,os-getrandom,random-old-and-new-paths,insertion,9,1037418,0.98935890197753906,0.015434124,fixed,1,access-plus-rate-deterministic,3,8
2,4,1,1024,262144,1048576,cycle,4,random,os-getrandom,random-old-and-new-paths,insertion,10,1028172,0.98054122924804688,0.028349802,fixed,1,access-plus-rate-deterministic,3,8
2,4,1,1024,262144,1048576,cycle,4,random,os-getrandom,random-old-and-new-paths,insertion,11,1013968,0.96699523925781250,0.048419308,fixed,1,access-plus-rate-deterministic,3,8
2,4,1,1024,262144,1048576,cycle,4,random,os-getrandom,random-old-and-new-paths,insertion,12,992775,0.94678401947021484,0.078892739,fixed,1,access-plus-rate-deterministic,3,8
2,4,1,1024,262144,1048576,cycle,4,random,os-getrandom,random-old-and-new-paths,insertion,13,963313,0.91868686676025391,0.122354890,fixed,1,access-plus-rate-deterministic,3,8
2,4,1,1024,262144,1048576,cycle,4,random,os-getrandom,random-old-and-new-paths,insertion,14,924372,0.88154983520507812,0.181885966,fixed,1,access-plus-rate-deterministic,3,8
2,4,1,1024,262144,1048576,cycle,4,random,os-getrandom,random-old-and-new-paths,insertion,15,876799,0.83618068695068359,0.258113373,fixed,1,access-plus-rate-deterministic,3,8
2,4,1,1024,262144,1048576,cycle,4,random,os-getrandom,random-old-and-new-paths,insertion,16,820797,0.78277301788330078,0.353334068,fixed,1,access-plus-rate-deterministic,3,8
2,4,1,1024,262144,1048576,cycle,4,random,os-getrandom,random-old-and-new-paths,insertion,17,757908,0.72279739379882812,0.468336791,fixed,1,access-plus-rate-deterministic,3,8
2,4,1,1024,262144,1048576,cycle,4,random,os-getrandom,random-old-and-new-paths,insertion,18,690942,0.65893363952636719,0.601794915,fixed,1,access-plus-rate-deterministic,3,8
2,4,1,1024,262144,1048576,cycle,4,random,os-getrandom,random-old-and-new-paths,insertion,19,620273,0.59153842926025391,0.757456199,fixed,1,access-plus-rate-deterministic,3,8
2,4,1,1024,262144,1048576,cycle,4,random,os-getrandom,random-old-and-new-paths,insertion,20,547637,0.52226734161376953,0.937139603,fixed,1,access-plus-rate-deterministic,3,8
2,4,1,1024,262144,1048576,cycle,4,random,os-getrandom,random-old-and-new-paths,insertion,21,476022,0.45396995544433594,1.139331274,fixed,1,access-plus-rate-deterministic,3,8
2,4,1,1024,262144,1048576,cycle,4,random,os-getrandom,random-old-and-new-paths,insertion,22,408215,0.38930416107177734,1.361030330,fixed,1,access-plus-rate-deterministic,3,8
2,4,1,1024,262144,1048576,cycle,4,random,os-getrandom,random-old-and-new-paths,insertion,23,345030,0.32904624938964844,1.603637717,fixed,1,access-plus-rate-deterministic,3,8
2,4,1,1024,262144,1048576,cycle,4,random,os-getrandom,random-old-and-new-paths,insertion,24,287251,0.27394390106201172,1.868047610,fixed,1,access-plus-rate-deterministic,3,8
2,4,1,1024,262144,1048576,cycle,4,random,os-getrandom,random-old-and-new-paths,insertion,25,235294,0.22439384460449219,2.155894993,fixed,1,access-plus-rate-deterministic,3,8
2,4,1,1024,262144,1048576,cycle,4,random,os-getrandom,random-old-and-new-paths,insertion,26,189978,0.18117713928222656,2.464527166,fixed,1,access-plus-rate-deterministic,3,8
2,4,1,1024,262144,1048576,cycle,4,random,os-getrandom,random-old-and-new-paths,insertion,27,151313,0.14430332183837891,2.792823584,fixed,1,access-plus-rate-deterministic,3,8
2,4,1,1024,262144,1048576,cycle,4,random,os-getrandom,random-old-and-new-paths,insertion,28,119519,0.11398220062255859,3.133119543,fixed,1,access-plus-rate-deterministic,3,8
2,4,1,1024,262144,1048576,cycle,4,random,os-getrandom,random-old-and-new-paths,insertion,29,93642,0.08930397033691406,3.485131873,fixed,1,access-plus-rate-deterministic,3,8
2,4,1,1024,262144,1048576,cycle,4,random,os-getrandom,random-old-and-new-paths,insertion,30,72669,0.06930255889892578,3.850947567,fixed,1,access-plus-rate-deterministic,3,8
2,4,1,1024,262144,1048576,cycle,4,random,os-getrandom,random-old-and-new-paths,insertion,31,55735,0.05315303802490234,4.233704037,fixed,1,access-plus-rate-deterministic,3,8
2,4,1,1024,262144,1048576,cycle,4,random,os-getrandom,random-old-and-new-paths,insertion,32,42438,0.04047203063964844,4.626930953,fixed,1,access-plus-rate-deterministic,3,8
2,4,1,1024,262144,1048576,cycle,4,random,os-getrandom,random-old-and-new-paths,insertion,33,32180,0.03068923950195312,5.026123294,fixed,1,access-plus-rate-deterministic,3,8
2,4,1,1024,262144,1048576,cycle,4,random,os-getrandom,random-old-and-new-paths,insertion,34,24099,0.02298259735107422,5.443314338,fixed,1,access-plus-rate-deterministic,3,8
2,4,1,1024,262144,1048576,cycle,4,random,os-getrandom,random-old-and-new-paths,insertion,35,17689,0.01686954498291016,5.889435129,fixed,1,access-plus-rate-deterministic,3,8
2,4,1,1024,262144,1048576,cycle,4,random,os-getrandom,random-old-and-new-paths,insertion,36,12514,0.01193428039550781,6.388744611,fixed,1,access-plus-rate-deterministic,3,8
2,4,1,1024,262144,1048576,cycle,4,random,os-getrandom,random-old-and-new-paths,insertion,37,8734,0.00832939147949219,6.907573184,fixed,1,access-plus-rate-deterministic,3,8
2,4,1,1024,262144,1048576,cycle,4,random,os-getrandom,random-old-and-new-paths,insertion,38,5961,0.00568485260009766,7.458661342,fixed,1,access-plus-rate-deterministic,3,8
2,4,1,1024,262144,1048576,cycle,4,random,os-getrandom,random-old-and-new-paths,insertion,39,3964,0.00378036499023438,8.047258753,fixed,1,access-plus-rate-deterministic,3,8
2,4,1,1024,262144,1048576,cycle,4,random,os-getrandom,random-old-and-new-paths,insertion,40,2567,0.00244808197021484,8.674132419,fixed,1,access-plus-rate-deterministic,3,8
2,4,1,1024,262144,1048576,cycle,4,random,os-getrandom,random-old-and-new-paths,insertion,41,1629,0.00155353546142578,9.330229111,fixed,1,access-plus-rate-deterministic,3,8
2,4,1,1024,262144,1048576,cycle,4,random,os-getrandom,random-old-and-new-paths,insertion,42,1055,0.00100612640380859,9.956972716,fixed,1,access-plus-rate-deterministic,3,8
2,4,1,1024,262144,1048576,cycle,4,random,os-getrandom,random-old-and-new-paths,insertion,43,636,0.00060653686523438,10.687117045,fixed,1,access-plus-rate-deterministic,3,8
2,4,1,1024,262144,1048576,cycle,4,random,os-getrandom,random-old-and-new-paths,insertion,44,386,0.00036811828613281,11.407542963,fixed,1,access-plus-rate-deterministic,3,8
2,4,1,1024,262144,1048576,cycle,4,random,os-getrandom,random-old-and-new-paths,insertion,45,219,0.00020885467529297,12.225212940,fixed,1,access-plus-rate-deterministic,3,8
2,4,1,1024,262144,1048576,cycle,4,random,os-getrandom,random-old-and-new-paths,insertion,46,98,0.00009346008300781,13.385290156,fixed,1,access-plus-rate-deterministic,3,8
2,4,1,1024,262144,1048576,cycle,4,random,os-getrandom,random-old-and-new-paths,insertion,47,45,0.00004291534423828,14.508146904,fixed,1,access-plus-rate-deterministic,3,8
2,4,1,1024,262144,1048576,cycle,4,random,os-getrandom,random-old-and-new-paths,insertion,48,24,0.00002288818359375,15.415037499,fixed,1,access-plus-rate-deterministic,3,8
2,4,1,1024,262144,1048576,cycle,4,random,os-getrandom,random-old-and-new-paths,insertion,49,14,0.00001335144042969,16.192645078,fixed,1,access-plus-rate-deterministic,3,8
2,4,1,1024,262144,1048576,cycle,4,random,os-getrandom,random-old-and-new-paths,insertion,50,1,0.00000095367431641,20.000000000,fixed,1,access-plus-rate-deterministic,3,8
2,4,1,1024,262144,1048576,cycle,4,random,os-getrandom,random-old-and-new-paths,insertion,51,0,0.00000000000000000,inf,fixed,1,access-plus-rate-deterministic,3,8
