b,z,n,warmup,operations,workload,rng_source,initialization,metric,threshold,exceed_count,probability,log2_inverse,eviction_policy,path_schedule,deterministic_numerator,deterministic_denominator
2,4,1048576,16777216,1048576,cycle,os-getrandom,random-old-and-new-paths,post,0,96332,0.09186935424804688,3.444272502,legacy-root-lane,access-plus-rate-deterministic,2,3
2,4,1048576,16777216,1048576,cycle,os-getrandom,random-old-and-new-paths,post,1,66853,0.06375598907470703,3.971295318,legacy-root-lane,access-plus-rate-deterministic,2,3
2,4,1048576,16777216,1048576,cycle,os-getrandom,random-old-and-new-paths,post,2,52657,0.05021762847900391,4.315662291,legacy-root-lane,access-plus-rate-deterministic,2,3
2,4,1048576,16777216,1048576,cycle,os-getrandom,random-old-and-new-paths,post,3,43722,0.04169654846191406,4.583928224,legacy-root-lane,access-plus-rate-deterministic,2,3
2,4,1048576,16777216,1048576,cycle,os-getrandom,random-old-and-new-paths,post,4,37508,0.03577041625976562,4.805089283,legacy-root-lane,access-plus-rate-deterministic,2,3
2,4,1048576,16777216,1048576,cycle,os-getrandom,random-old-and-new-paths,post,5,32736,0.03121948242187500,5.001409570,legacy-root-lane,access-plus-rate-deterministic,2,3
2,4,1048576,16777216,1048576,cycle,os-getrandom,random-old-and-new-paths,post,6,28937,0.02759647369384766,5.179372260,legacy-root-lane,access-plus-rate-deterministic,2,3
2,4,1048576,16777216,1048576,cycle,os-getrandom,random-old-and-new-paths,post,7,25820,0.02462387084960938,5.343798620,legacy-root-lane,access-plus-rate-deterministic,2,3
2,4,1048576,16777216,1048576,cycle,os-getrandom,random-old-and-new-paths,post,8,23310,0.02223014831542969,5.491338616,legacy-root-lane,access-plus-rate-deterministic,2,3
2,4,1048576,16777216,1048576,cycle,os-getrandom,random-old-and-new-paths,post,9,21325,0.02033710479736328,5.619741879,legacy-root-lane,access-plus-rate-deterministic,2,3
2,4,1048576,16777216,1048576,cycle,os-getrandom,random-old-and-new-paths,post,10,19652,0.01874160766601562,5.737611476,legacy-root-lane,access-plus-rate-deterministic,2,3
2,4,1048576,16777216,1048576,cycle,os-getrandom,random-old-and-new-paths,post,11,18274,0.01742744445800781,5.842495160,legacy-root-lane,access-plus-rate-deterministic,2,3
2,4,1048576,16777216,1048576,cycle,os-getrandom,random-old-and-new-paths,post,12,17058,0.01626777648925781,5.941839116,legacy-root-lane,access-plus-rate-deterministic,2,3
2,4,1048576,16777216,1048576,cycle,os-getrandom,random-old-and-new-paths,post,13,15934,0.01519584655761719,6.040179140,legacy-root-lane,access-plus-rate-deterministic,2,3
2,4,1048576,16777216,1048576,cycle,os-getrandom,random-old-and-new-paths,post,14,14910,0.01421928405761719,6.136007363,legacy-root-lane,access-plus-rate-deterministic,2,3
2,4,1048576,16777216,1048576,cycle,os-getrandom,random-old-and-new-paths,post,15,13961,0.01331424713134766,6.230885338,legacy-root-lane,access-plus-rate-deterministic,2,3
2,4,1048576,16777216,1048576,cycle,os-getrandom,random-old-and-new-paths,post,16,13088,0.01248168945312500,6.324042967,legacy-root-lane,access-plus-rate-deterministic,2,3
2,4,1048576,16777216,1048576,cycle,os-getrandom,random-old-and-new-paths,post,17,12261,0.01169300079345703,6.418210971,legacy-root-lane,access-plus-rate-deterministic,2,3
2,4,1048576,16777216,1048576,cycle,os-getrandom,random-old-and-new-paths,post,18,11487,0.01095485687255859,6.512285554,legacy-root-lane,access-plus-rate-deterministic,2,3
2,4,1048576,16777216,1048576,cycle,os-getrandom,random-old-and-new-paths,post,19,10760,0.01026153564453125,6.606609543,legacy-root-lane,access-plus-rate-deterministic,2,3
2,4,1048576,16777216,1048576,cycle,os-getrandom,random-old-and-new-paths,post,20,10066,0.00959968566894531,6.702797118,legacy-root-lane,access-plus-rate-deterministic,2,3
2,4,1048576,16777216,1048576,cycle,os-getrandom,random-old-and-new-paths,post,21,9407,0.00897121429443359,6.800481011,legacy-root-lane,access-plus-rate-deterministic,2,3
2,4,1048576,16777216,1048576,cycle,os-getrandom,random-old-and-new-paths,post,22,8820,0.00841140747070312,6.893437060,legacy-root-lane,access-plus-rate-deterministic,2,3
2,4,1048576,16777216,1048576,cycle,os-getrandom,random-old-and-new-paths,post,23,8261,0.00787830352783203,6.987899284,legacy-root-lane,access-plus-rate-deterministic,2,3
2,4,1048576,16777216,1048576,cycle,os-getrandom,random-old-and-new-paths,post,24,7760,0.00740051269531250,7.078159063,legacy-root-lane,access-plus-rate-deterministic,2,3
2,4,1048576,16777216,1048576,cycle,os-getrandom,random-old-and-new-paths,post,25,7261,0.00692462921142578,7.174047462,legacy-root-lane,access-plus-rate-deterministic,2,3
2,4,1048576,16777216,1048576,cycle,os-getrandom,random-old-and-new-paths,post,26,6847,0.00652980804443359,7.258743703,legacy-root-lane,access-plus-rate-deterministic,2,3
2,4,1048576,16777216,1048576,cycle,os-getrandom,random-old-and-new-paths,post,27,6492,0.00619125366210938,7.335552715,legacy-root-lane,access-plus-rate-deterministic,2,3
2,4,1048576,16777216,1048576,cycle,os-getrandom,random-old-and-new-paths,post,28,6189,0.00590229034423828,7.404509393,legacy-root-lane,access-plus-rate-deterministic,2,3
2,4,1048576,16777216,1048576,cycle,os-getrandom,random-old-and-new-paths,post,29,5881,0.00560855865478516,7.478154225,legacy-root-lane,access-plus-rate-deterministic,2,3
2,4,1048576,16777216,1048576,cycle,os-getrandom,random-old-and-new-paths,post,30,5568,0.00531005859375000,7.557056504,legacy-root-lane,access-plus-rate-deterministic,2,3
2,4,1048576,16777216,1048576,cycle,os-getrandom,random-old-and-new-paths,post,31,5282,0.00503730773925781,7.633131414,legacy-root-lane,access-plus-rate-deterministic,2,3
2,4,1048576,16777216,1048576,cycle,os-getrandom,random-old-and-new-paths,post,32,5032,0.00479888916015625,7.703083793,legacy-root-lane,access-plus-rate-deterministic,2,3
2,4,1048576,16777216,1048576,cycle,os-getrandom,random-old-and-new-paths,post,33,4764,0.00454330444335938,7.782042302,legacy-root-lane,access-plus-rate-deterministic,2,3
2,4,1048576,16777216,1048576,cycle,os-getrandom,random-old-and-new-paths,post,34,4534,0.00432395935058594,7.853431324,legacy-root-lane,access-plus-rate-deterministic,2,3
2,4,1048576,16777216,1048576,cycle,os-getrandom,random-old-and-new-paths,post,35,4293,0.00409412384033203,7.932229543,legacy-root-lane,access-plus-rate-deterministic,2,3
2,4,1048576,16777216,1048576,cycle,os-getrandom,random-old-and-new-paths,post,36,4055,0.00386714935302734,8.014513801,legacy-root-lane,access-plus-rate-deterministic,2,3
2,4,1048576,16777216,1048576,cycle,os-getrandom,random-old-and-new-paths,post,37,3868,0.00368881225585938,8.082627921,legacy-root-lane,access-plus-rate-deterministic,2,3
2,4,1048576,16777216,1048576,cycle,os-getrandom,random-old-and-new-paths,post,38,3691,0.00352001190185547,8.150203978,legacy-root-lane,access-plus-rate-deterministic,2,3
2,4,1048576,16777216,1048576,cycle,os-getrandom,random-old-and-new-paths,post,39,3552,0.00338745117187500,8.205584134,legacy-root-lane,access-plus-rate-deterministic,2,3
2,4,1048576,16777216,1048576,cycle,os-getrandom,random-old-and-new-paths,post,40,3433,0.00327396392822266,8.254745858,legacy-root-lane,access-plus-rate-deterministic,2,3
2,4,1048576,16777216,1048576,cycle,os-getrandom,random-old-and-new-paths,post,41,3328,0.00317382812500000,8.299560282,legacy-root-lane,access-plus-rate-deterministic,2,3
2,4,1048576,16777216,1048576,cycle,os-getrandom,random-old-and-new-paths,post,42,3216,0.00306701660156250,8.348948309,legacy-root-lane,access-plus-rate-deterministic,2,3
2,4,1048576,16777216,1048576,cycle,os-getrandom,random-old-and-new-paths,post,43,3096,0.00295257568359375,8.403810244,legacy-root-lane,access-plus-rate-deterministic,2,3
2,4,1048576,16777216,1048576,cycle,os-getrandom,random-old-and-new-paths,post,44,2963,0.00282573699951172,8.467157089,legacy-root-lane,access-plus-rate-deterministic,2,3
2,4,1048576,16777216,1048576,cycle,os-getrandom,random-old-and-new-paths,post,45,2827,0.00269603729248047,8.534943832,legacy-root-lane,access-plus-rate-deterministic,2,3
2,4,1048576,16777216,1048576,cycle,os-getrandom,random-old-and-new-paths,post,46,2691,0.00256633758544922,8.606073324,legacy-root-lane,access-plus-rate-deterministic,2,3
2,4,1048576,16777216,1048576,cycle,os-getrandom,random-old-and-new-paths,post,47,2577,0.00245761871337891,8.668523178,legacy-root-lane,access-plus-rate-deterministic,2,3
2,4,1048576,16777216,1048576,cycle,os-getrandom,random-old-and-new-paths,post,48,2462,0.00234794616699219,8.734384954,legacy-root-lane,access-plus-rate-deterministic,2,3
2,4,1048576,16777216,1048576,cycle,os-getrandom,random-old-and-new-paths,post,49,2371,0.00226116180419922,8.788720053,legacy-root-lane,access-plus-rate-deterministic,2,3
2,4,1048576,16777216,1048576,cycle,os-getrandom,random-old-and-new-paths,post,50,2273,0.00216770172119141,8.849618031,legacy-root-lane,access-plus-rate-deterministic,2,3
2,4,1048576,16777216,1048576,cycle,os-getrandom,random-old-and-new-paths,post,51,2202,0.00209999084472656,8.895401246,legacy-root-lane,access-plus-rate-deterministic,2,3
2,4,1048576,16777216,1048576,cycle,os-getrandom,random-old-and-new-paths,post,52,2120,0.00202178955078125,8.950151451,legacy-root-lane,access-plus-rate-deterministic,2,3
2,4,1048576,16777216,1048576,cycle,os-getrandom,random-old-and-new-paths,post,53,2033,0.00193881988525391,9.010605500,legacy-root-lane,access-plus-rate-deterministic,2,3
2,4,1048576,16777216,1048576,cycle,os-getrandom,random-old-and-new-paths,post,54,1954,0.00186347961425781,9.067785248,legacy-root-lane,access-plus-rate-deterministic,2,3
2,4,1048576,16777216,1048576,cycle,os-getrandom,random-old-and-new-paths,post,55,1875,0.00178813934326172,9.127325120,legacy-root-lane,access-plus-rate-deterministic,2,3
2,4,1048576,16777216,1048576,cycle,os-getrandom,random-old-and-new-paths,post,56,1820,0.00173568725585938,9.170277265,legacy-root-lane,access-plus-rate-deterministic,2,3
2,4,1048576,16777216,1048576,cycle,os-getrandom,random-old-and-new-paths,post,57,1760,0.00167846679687500,9.218640286,legacy-root-lane,access-plus-rate-deterministic,2,3
2,4,1048576,16777216,1048576,cycle,os-getrandom,random-old-and-new-paths,post,58,1704,0.00162506103515625,9.265290380,legacy-root-lane,access-plus-rate-deterministic,2,3
2,4,1048576,16777216,1048576,cycle,os-getrandom,random-old-and-new-paths,post,59,1648,0.00157165527343750,9.313499473,legacy-root-lane,access-plus-rate-deterministic,2,3
2,4,1048576,16777216,1048576,cycle,os-getrandom,random-old-and-new-paths,post,60,1595,0.00152111053466797,9.360659291,legacy-root-lane,access-plus-rate-deterministic,2,3
2,4,1048576,16777216,1048576,cycle,os-getrandom,random-old-and-new-paths,post,61,1536,0.00146484375000000,9.415037499,legacy-root-lane,access-plus-rate-deterministic,2,3
2,4,1048576,16777216,1048576,cycle,os-getrandom,random-old-and-new-paths,post,62,1498,0.00142860412597656,9.451178092,legacy-root-lane,access-plus-rate-deterministic,2,3
2,4,1048576,16777216,1048576,cycle,os-getrandom,random-old-and-new-paths,post,63,1469,0.00140094757080078,9.479381319,legacy-root-lane,access-plus-rate-deterministic,2,3
2,4,1048576,16777216,1048576,cycle,os-getrandom,random-old-and-new-paths,post,64,1448,0.00138092041015625,9.500154113,legacy-root-lane,access-plus-rate-deterministic,2,3
2,4,1048576,16777216,1048576,cycle,os-getrandom,random-old-and-new-paths,post,65,1421,0.00135517120361328,9.527309161,legacy-root-lane,access-plus-rate-deterministic,2,3
2,4,1048576,16777216,1048576,cycle,os-getrandom,random-old-and-new-paths,post,66,1381,0.00131702423095703,9.568502396,legacy-root-lane,access-plus-rate-deterministic,2,3
2,4,1048576,16777216,1048576,cycle,os-getrandom,random-old-and-new-paths,post,67,1347,0.00128459930419922,9.604465865,legacy-root-lane,access-plus-rate-deterministic,2,3
2,4,1048576,16777216,1048576,cycle,os-getrandom,random-old-and-new-paths,post,68,1304,0.00124359130859375,9.651271846,legacy-root-lane,access-plus-rate-deterministic,2,3
2,4,1048576,16777216,1048576,cycle,os-getrandom,random-old-and-new-paths,post,69,1268,0.00120925903320312,9.691660970,legacy-root-lane,access-plus-rate-deterministic,2,3
2,4,1048576,16777216,1048576,cycle,os-getrandom,random-old-and-new-paths,post,70,1223,0.00116634368896484,9.743791311,legacy-root-lane,access-plus-rate-deterministic,2,3
2,4,1048576,16777216,1048576,cycle,os-getrandom,random-old-and-new-paths,post,71,1194,0.00113868713378906,9.778412879,legacy-root-lane,access-plus-rate-deterministic,2,3
2,4,1048576,16777216,1048576,cycle,os-getrandom,random-old-and-new-paths,post,72,1159,0.00110530853271484,9.821335149,legacy-root-lane,access-plus-rate-deterministic,2,3
2,4,1048576,16777216,1048576,cycle,os-getrandom,random-old-and-new-paths,post,73,1126,0.00107383728027344,9.863008888,legacy-root-lane,access-plus-rate-deterministic,2,3
2,4,1048576,16777216,1048576,cycle,os-getrandom,random-old-and-new-paths,post,74,1069,0.00101947784423828,9.937953862,legacy-root-lane,access-plus-rate-deterministic,2,3
2,4,1048576,16777216,1048576,cycle,os-getrandom,random-old-and-new-paths,post,75,1032,0.00098419189453125,9.988772745,legacy-root-lane,access-plus-rate-deterministic,2,3
2,4,1048576,16777216,1048576,cycle,os-getrandom,random-old-and-new-paths,post,76,989,0.00094318389892578,10.050173289,legacy-root-lane,access-plus-rate-deterministic,2,3
2,4,1048576,16777216,1048576,cycle,os-getrandom,random-old-and-new-paths,post,77,968,0.00092315673828125,10.081136763,legacy-root-lane,access-plus-rate-deterministic,2,3
2,4,1048576,16777216,1048576,cycle,os-getrandom,random-old-and-new-paths,post,78,950,0.00090599060058594,10.108216297,legacy-root-lane,access-plus-rate-deterministic,2,3
2,4,1048576,16777216,1048576,cycle,os-getrandom,random-old-and-new-paths,post,79,930,0.00088691711425781,10.138913094,legacy-root-lane,access-plus-rate-deterministic,2,3
2,4,1048576,16777216,1048576,cycle,os-getrandom,random-old-and-new-paths,post,80,903,0.00086116790771484,10.181417823,legacy-root-lane,access-plus-rate-deterministic,2,3
2,4,1048576,16777216,1048576,cycle,os-getrandom,random-old-and-new-paths,post,81,882,0.00084114074707031,10.215365154,legacy-root-lane,access-plus-rate-deterministic,2,3
2,4,1048576,16777216,1048576,cycle,os-getrandom,random-old-and-new-paths,post,82,867,0.00082683563232422,10.240111817,legacy-root-lane,access-plus-rate-deterministic,2,3
2,4,1048576,16777216,1048576,cycle,os-getrandom,random-old-and-new-paths,post,83,839,0.00080013275146484,10.287473000,legacy-root-lane,access-plus-rate-deterministic,2,3
2,4,1048576,16777216,1048576,cycle,os-getrandom,random-old-and-new-paths,post,84,811,0.00077342987060547,10.336441896,legacy-root-lane,access-plus-rate-deterministic,2,3
2,4,1048576,16777216,1048576,cycle,os-getrandom,random-old-and-new-paths,post,85,787,0.00075054168701172,10.379780174,legacy-root-lane,access-plus-rate-deterministic,2,3
2,4,1048576,16777216,1048576,cycle,os-getrandom,random-old-and-new-paths,post,86,762,0.00072669982910156,10.426352813,legacy-root-lane,access-plus-rate-deterministic,2,3
2,4,1048576,16777216,1048576,cycle,os-getrandom,random-old-and-new-paths,post,87,732,0.00069808959960938,10.484300162,legacy-root-lane,access-plus-rate-deterministic,2,3
2,4,1048576,16777216,1048576,cycle,os-getrandom,random-old-and-new-paths,post,88,703,0.00067043304443359,10.542619121,legacy-root-lane,access-plus-rate-deterministic,2,3
2,4,1048576,16777216,1048576,cycle,os-getrandom,random-old-and-new-paths,post,89,684,0.00065231323242188,10.582147485,legacy-root-lane,access-plus-rate-deterministic,2,3
2,4,1048576,16777216,1048576,cycle,os-getrandom,random-old-and-new-paths,post,90,657,0.00062656402587891,10.640250440,legacy-root-lane,access-plus-rate-deterministic,2,3
2,4,1048576,16777216,1048576,cycle,os-getrandom,random-old-and-new-paths,post,91,629,0.00059986114501953,10.703083793,legacy-root-lane,access-plus-rate-deterministic,2,3
2,4,1048576,16777216,1048576,cycle,os-getrandom,random-old-and-new-paths,post,92,602,0.00057411193847656,10.766380323,legacy-root-lane,access-plus-rate-deterministic,2,3
2,4,1048576,16777216,1048576,cycle,os-getrandom,random-old-and-new-paths,post,93,577,0.00055027008056641,10.827572491,legacy-root-lane,access-plus-rate-deterministic,2,3
2,4,1048576,16777216,1048576,cycle,os-getrandom,random-old-and-new-paths,post,94,540,0.00051498413085938,10.923184403,legacy-root-lane,access-plus-rate-deterministic,2,3
2,4,1048576,16777216,1048576,cycle,os-getrandom,random-old-and-new-paths,post,95,512,0.00048828125000000,11.000000000,legacy-root-lane,access-plus-rate-deterministic,2,3
2,4,1048576,16777216,1048576,cycle,os-getrandom,random-old-and-new-paths,post,96,486,0.00046348571777344,11.075187496,legacy-root-lane,access-plus-rate-deterministic,2,3
2,4,1048576,16777216,1048576,cycle,os-getrandom,random-old-and-new-paths,post,97,452,0.00043106079101562,11.179821038,legacy-root-lane,access-plus-rate-deterministic,2,3
2,4,1048576,16777216,1048576,cycle,os-getrandom,random-old-and-new-paths,post,98,419,0.00039958953857422,11.289193566,legacy-root-lane,access-plus-rate-deterministic,2,3
2,4,1048576,16777216,1048576,cycle,os-getrandom,random-old-and-new-paths,post,99,389,0.00037097930908203,11.396373655,legacy-root-lane,access-plus-rate-deterministic,2,3
2,4,1048576,16777216,1048576,cycle,os-getrandom,random-old-and-new-paths,post,100,351,0.00033473968505859,11.544672780,legacy-root-lane,access-plus-rate-deterministic,2,3
2,4,1048576,16777216,1048576,cycle,os-getrandom,random-old-and-new-paths,post,101,315,0.00030040740966797,11.700791982,legacy-root-lane,access-plus-rate-deterministic,2,3
2,4,1048576,16777216,1048576,cycle,os-getrandom,random-old-and-new-paths,post,102,279,0.00026607513427734,11.875878688,legacy-root-lane,access-plus-rate-deterministic,2,3
2,4,1048576,16777216,1048576,cycle,os-getrandom,random-old-and-new-paths,post,103,258,0.00024604797363281,11.988772745,legacy-root-lane,access-plus-rate-deterministic,2,3
2,4,1048576,16777216,1048576,cycle,os-getrandom,random-old-and-new-paths,post,104,228,0.00021743774414062,12.167109986,legacy-root-lane,access-plus-rate-deterministic,2,3
2,4,1048576,16777216,1048576,cycle,os-getrandom,random-old-and-new-paths,post,105,200,0.00019073486328125,12.356143810,legacy-root-lane,access-plus-rate-deterministic,2,3
2,4,1048576,16777216,1048576,cycle,os-getrandom,random-old-and-new-paths,post,106,179,0.00017070770263672,12.516184223,legacy-root-lane,access-plus-rate-deterministic,2,3
2,4,1048576,16777216,1048576,cycle,os-getrandom,random-old-and-new-paths,post,107,159,0.00015163421630859,12.687117045,legacy-root-lane,access-plus-rate-deterministic,2,3
2,4,1048576,16777216,1048576,cycle,os-getrandom,random-old-and-new-paths,post,108,146,0.00013923645019531,12.810175441,legacy-root-lane,access-plus-rate-deterministic,2,3
2,4,1048576,16777216,1048576,cycle,os-getrandom,random-old-and-new-paths,post,109,130,0.00012397766113281,12.977632187,legacy-root-lane,access-plus-rate-deterministic,2,3
2,4,1048576,16777216,1048576,cycle,os-getrandom,random-old-and-new-paths,post,110,121,0.00011539459228516,13.081136763,legacy-root-lane,access-plus-rate-deterministic,2,3
2,4,1048576,16777216,1048576,cycle,os-getrandom,random-old-and-new-paths,post,111,112,0.00010681152343750,13.192645078,legacy-root-lane,access-plus-rate-deterministic,2,3
2,4,1048576,16777216,1048576,cycle,os-getrandom,random-old-and-new-paths,post,112,96,0.00009155273437500,13.415037499,legacy-root-lane,access-plus-rate-deterministic,2,3
2,4,1048576,16777216,1048576,cycle,os-getrandom,random-old-and-new-paths,post,113,84,0.00008010864257812,13.607682577,legacy-root-lane,access-plus-rate-deterministic,2,3
2,4,1048576,16777216,1048576,cycle,os-getrandom,random-old-and-new-paths,post,114,62,0.00005912780761719,14.045803690,legacy-root-lane,access-plus-rate-deterministic,2,3
2,4,1048576,16777216,1048576,cycle,os-getrandom,random-old-and-new-paths,post,115,40,0.00003814697265625,14.678071905,legacy-root-lane,access-plus-rate-deterministic,2,3
2,4,1048576,16777216,1048576,cycle,os-getrandom,random-old-and-new-paths,post,116,24,0.00002288818359375,15.415037499,legacy-root-lane,access-plus-rate-deterministic,2,3
2,4,1048576,16777216,1048576,cycle,os-getrandom,random-old-and-new-paths,post,117,8,0.00000762939453125,17.000000000,legacy-root-lane,access-plus-rate-deterministic,2,3
2,4,1048576,16777216,1048576,cycle,os-getrandom,random-old-and-new-paths,post,118,0,0.00000000000000000,inf,legacy-root-lane,access-plus-rate-deterministic,2,3
2,4,1048576,16777216,1048576,cycle,os-getrandom,random-old-and-new-paths,insertion,0,1048576,1.00000000000000000,-0.000000000,legacy-root-lane,access-plus-rate-deterministic,2,3
2,4,1048576,16777216,1048576,cycle,os-getrandom,random-old-and-new-paths,insertion,1,96332,0.09186935424804688,3.444272502,legacy-root-lane,access-plus-rate-deterministic,2,3
2,4,1048576,16777216,1048576,cycle,os-getrandom,random-old-and-new-paths,insertion,2,66853,0.06375598907470703,3.971295318,legacy-root-lane,access-plus-rate-deterministic,2,3
2,4,1048576,16777216,1048576,cycle,os-getrandom,random-old-and-new-paths,insertion,3,52657,0.05021762847900391,4.315662291,legacy-root-lane,access-plus-rate-deterministic,2,3
2,4,1048576,16777216,1048576,cycle,os-getrandom,random-old-and-new-paths,insertion,4,43722,0.04169654846191406,4.583928224,legacy-root-lane,access-plus-rate-deterministic,2,3
2,4,1048576,16777216,1048576,cycle,os-getrandom,random-old-and-new-paths,insertion,5,37508,0.03577041625976562,4.805089283,legacy-root-lane,access-plus-rate-deterministic,2,3
2,4,1048576,16777216,1048576,cycle,os-getrandom,random-old-and-new-paths,insertion,6,32736,0.03121948242187500,5.001409570,legacy-root-lane,access-plus-rate-deterministic,2,3
2,4,1048576,16777216,1048576,cycle,os-getrandom,random-old-and-new-paths,insertion,7,28937,0.02759647369384766,5.179372260,legacy-root-lane,access-plus-rate-deterministic,2,3
2,4,1048576,16777216,1048576,cycle,os-getrandom,random-old-and-new-paths,insertion,8,25820,0.02462387084960938,5.343798620,legacy-root-lane,access-plus-rate-deterministic,2,3
2,4,1048576,16777216,1048576,cycle,os-getrandom,random-old-and-new-paths,insertion,9,23310,0.02223014831542969,5.491338616,legacy-root-lane,access-plus-rate-deterministic,2,3
2,4,1048576,16777216,1048576,cycle,os-getrandom,random-old-and-new-paths,insertion,10,21325,0.02033710479736328,5.619741879,legacy-root-lane,access-plus-rate-deterministic,2,3
2,4,1048576,16777216,1048576,cycle,os-getrandom,random-old-and-new-paths,insertion,11,19652,0.01874160766601562,5.737611476,legacy-root-lane,access-plus-rate-deterministic,2,3
2,4,1048576,16777216,1048576,cycle,os-getrandom,random-old-and-new-paths,insertion,12,18274,0.01742744445800781,5.842495160,legacy-root-lane,access-plus-rate-deterministic,2,3
2,4,1048576,16777216,1048576,cycle,os-getrandom,random-old-and-new-paths,insertion,13,17058,0.01626777648925781,5.941839116,legacy-root-lane,access-plus-rate-deterministic,2,3
2,4,1048576,16777216,1048576,cycle,os-getrandom,random-old-and-new-paths,insertion,14,15934,0.01519584655761719,6.040179140,legacy-root-lane,access-plus-rate-deterministic,2,3
2,4,1048576,16777216,1048576,cycle,os-getrandom,random-old-and-new-paths,insertion,15,14910,0.01421928405761719,6.136007363,legacy-root-lane,access-plus-rate-deterministic,2,3
2,4,1048576,16777216,1048576,cycle,os-getrandom,random-old-and-new-paths,insertion,16,13961,0.01331424713134766,6.230885338,legacy-root-lane,access-plus-rate-deterministic,2,3
2,4,1048576,16777216,1048576,cycle,os-getrandom,random-old-and-new-paths,insertion,17,13088,0.01248168945312500,6.324042967,legacy-root-lane,access-plus-rate-deterministic,2,3
2,4,1048576,16777216,1048576,cycle,os-getrandom,random-old-and-new-paths,insertion,18,12261,0.01169300079345703,6.418210971,legacy-root-lane,access-plus-rate-deterministic,2,3
2,4,1048576,16777216,1048576,cycle,os-getrandom,random-old-and-new-paths,insertion,19,11487,0.01095485687255859,6.512285554,legacy-root-lane,access-plus-rate-deterministic,2,3
2,4,1048576,16777216,1048576,cycle,os-getrandom,random-old-and-new-paths,insertion,20,10760,0.01026153564453125,6.606609543,legacy-root-lane,access-plus-rate-deterministic,2,3
2,4,1048576,16777216,1048576,cycle,os-getrandom,random-old-and-new-paths,insertion,21,10066,0.00959968566894531,6.702797118,legacy-root-lane,access-plus-rate-deterministic,2,3
2,4,1048576,16777216,1048576,cycle,os-getrandom,random-old-and-new-paths,insertion,22,9407,0.00897121429443359,6.800481011,legacy-root-lane,access-plus-rate-deterministic,2,3
2,4,1048576,16777216,1048576,cycle,os-getrandom,random-old-and-new-paths,insertion,23,8820,0.00841140747070312,6.893437060,legacy-root-lane,access-plus-rate-deterministic,2,3
2,4,1048576,16777216,1048576,cycle,os-getrandom,random-old-and-new-paths,insertion,24,8261,0.00787830352783203,6.987899284,legacy-root-lane,access-plus-rate-deterministic,2,3
2,4,1048576,16777216,1048576,cycle,os-getrandom,random-old-and-new-paths,insertion,25,7760,0.00740051269531250,7.078159063,legacy-root-lane,access-plus-rate-deterministic,2,3
2,4,1048576,16777216,1048576,cycle,os-getrandom,random-old-and-new-paths,insertion,26,7261,0.00692462921142578,7.174047462,legacy-root-lane,access-plus-rate-deterministic,2,3
2,4,1048576,16777216,1048576,cycle,os-getrandom,random-old-and-new-paths,insertion,27,6847,0.00652980804443359,7.258743703,legacy-root-lane,access-plus-rate-deterministic,2,3
2,4,1048576,16777216,1048576,cycle,os-getrandom,random-old-and-new-paths,insertion,28,6492,0.00619125366210938,7.335552715,legacy-root-lane,access-plus-rate-deterministic,2,3
2,4,1048576,16777216,1048576,cycle,os-getrandom,random-old-and-new-paths,insertion,29,6189,0.00590229034423828,7.404509393,legacy-root-lane,access-plus-rate-deterministic,2,3
2,4,1048576,16777216,1048576,cycle,os-getrandom,random-old-and-new-paths,insertion,30,5881,0.00560855865478516,7.478154225,legacy-root-lane,access-plus-rate-deterministic,2,3
2,4,1048576,16777216,1048576,cycle,os-getrandom,random-old-and-new-paths,insertion,31,5568,0.00531005859375000,7.557056504,legacy-root-lane,access-plus-rate-deterministic,2,3
2,4,1048576,16777216,1048576,cycle,os-getrandom,random-old-and-new-paths,insertion,32,5282,0.00503730773925781,7.633131414,legacy-root-lane,access-plus-rate-deterministic,2,3
2,4,1048576,16777216,1048576,cycle,os-getrandom,random-old-and-new-paths,insertion,33,5032,0.00479888916015625,7.703083793,legacy-root-lane,access-plus-rate-deterministic,2,3
2,4,1048576,16777216,1048576,cycle,os-getrandom,random-old-and-new-paths,insertion,34,4764,0.00454330444335938,7.782042302,legacy-root-lane,access-plus-rate-deterministic,2,3
2,4,1048576,16777216,1048576,cycle,os-getrandom,random-old-and-new-paths,insertion,35,4534,0.00432395935058594,7.853431324,legacy-root-lane,access-plus-rate-deterministic,2,3
2,4,1048576,16777216,1048576,cycle,os-getrandom,random-old-and-new-paths,insertion,36,4293,0.00409412384033203,7.932229543,legacy-root-lane,access-plus-rate-deterministic,2,3
2,4,1048576,16777216,1048576,cycle,os-getrandom,random-old-and-new-paths,insertion,37,4055,0.00386714935302734,8.014513801,legacy-root-lane,access-plus-rate-deterministic,2,3
2,4,1048576,16777216,1048576,cycle,os-getrandom,random-old-and-new-paths,insertion,38,3868,0.00368881225585938,8.082627921,legacy-root-lane,access-plus-rate-deterministic,2,3
2,4,1048576,16777216,1048576,cycle,os-getrandom,random-old-and-new-paths,insertion,39,3691,0.00352001190185547,8.150203978,legacy-root-lane,access-plus-rate-deterministic,2,3
2,4,1048576,16777216,1048576,cycle,os-getrandom,random-old-and-new-paths,insertion,40,3552,0.00338745117187500,8.205584134,legacy-root-lane,access-plus-rate-deterministic,2,3
2,4,1048576,16777216,1048576,cycle,os-getrandom,random-old-and-new-paths,insertion,41,3433,0.00327396392822266,8.254745858,legacy-root-lane,access-plus-rate-deterministic,2,3
2,4,1048576,16777216,1048576,cycle,os-getrandom,random-old-and-new-paths,insertion,42,3328,0.00317382812500000,8.299560282,legacy-root-lane,access-plus-rate-deterministic,2,3
2,4,1048576,16777216,1048576,cycle,os-getrandom,random-old-and-new-paths,insertion,43,3216,0.00306701660156250,8.348948309,legacy-root-lane,access-plus-rate-deterministic,2,3
2,4,1048576,16777216,1048576,cycle,os-getrandom,random-old-and-new-paths,insertion,44,3096,0.00295257568359375,8.403810244,legacy-root-lane,access-plus-rate-deterministic,2,3
2,4,1048576,16777216,1048576,cycle,os-getrandom,random-old-and-new-paths,insertion,45,2963,0.00282573699951172,8.467157089,legacy-root-lane,access-plus-rate-deterministic,2,3
2,4,1048576,16777216,1048576,cycle,os-getrandom,random-old-and-new-paths,insertion,46,2827,0.00269603729248047,8.534943832,legacy-root-lane,access-plus-rate-deterministic,2,3
2,4,1048576,16777216,1048576,cycle,os-getrandom,random-old-and-new-paths,insertion,47,2691,0.00256633758544922,8.606073324,legacy-root-lane,access-plus-rate-deterministic,2,3
2,4,1048576,16777216,1048576,cycle,os-getrandom,random-old-and-new-paths,insertion,48,2577,0.00245761871337891,8.668523178,legacy-root-lane,access-plus-rate-deterministic,2,3
2,4,1048576,16777216,1048576,cycle,os-getrandom,random-old-and-new-paths,insertion,49,2462,0.00234794616699219,8.734384954,legacy-root-lane,access-plus-rate-deterministic,2,3
2,4,1048576,16777216,1048576,cycle,os-getrandom,random-old-and-new-paths,insertion,50,2371,0.00226116180419922,8.788720053,legacy-root-lane,access-plus-rate-deterministic,2,3
2,4,1048576,16777216,1048576,cycle,os-getrandom,random-old-and-new-paths,insertion,51,2273,0.00216770172119141,8.849618031,legacy-root-lane,access-plus-rate-deterministic,2,3
2,4,1048576,16777216,1048576,cycle,os-getrandom,random-old-and-new-paths,insertion,52,2202,0.00209999084472656,8.895401246,legacy-root-lane,access-plus-rate-deterministic,2,3
2,4,1048576,16777216,1048576,cycle,os-getrandom,random-old-and-new-paths,insertion,53,2120,0.00202178955078125,8.950151451,legacy-root-lane,access-plus-rate-deterministic,2,3
2,4,1048576,16777216,1048576,cycle,os-getrandom,random-old-and-new-paths,insertion,54,2033,0.00193881988525391,9.010605500,legacy-root-lane,access-plus-rate-deterministic,2,3
2,4,1048576,16777216,1048576,cycle,os-getrandom,random-old-and-new-paths,insertion,55,1954,0.00186347961425781,9.067785248,legacy-root-lane,access-plus-rate-deterministic,2,3
2,4,1048576,16777216,1048576,cycle,os-getrandom,random-old-and-new-paths,insertion,56,1875,0.00178813934326172,9.127325120,legacy-root-lane,access-plus-rate-deterministic,2,3
2,4,1048576,16777216,1048576,cycle,os-getrandom,random-old-and-new-paths,insertion,57,1820,0.00173568725585938,9.170277265,legacy-root-lane,access-plus-rate-deterministic,2,3
2,4,1048576,16777216,1048576,cycle,os-getrandom,random-old-and-new-paths,insertion,58,1760,0.00167846679687500,9.218640286,legacy-root-lane,access-plus-rate-deterministic,2,3
2,4,1048576,16777216,1048576,cycle,os-getrandom,random-old-and-new-paths,insertion,59,1704,0.00162506103515625,9.265290380,legacy-root-lane,access-plus-rate-deterministic,2,3
2,4,1048576,16777216,1048576,cycle,os-getrandom,random-old-and-new-paths,insertion,60,1648,0.00157165527343750,9.313499473,legacy-root-lane,access-plus-rate-deterministic,2,3
2,4,1048576,16777216,1048576,cycle,os-getrandom,random-old-and-new-paths,insertion,61,1595,0.00152111053466797,9.360659291,legacy-root-lane,access-plus-rate-deterministic,2,3
2,4,1048576,16777216,1048576,cycle,os-getrandom,random-old-and-new-paths,insertion,62,1536,0.00146484375000000,9.415037499,legacy-root-lane,access-plus-rate-deterministic,2,3
2,4,1048576,16777216,1048576,cycle,os-getrandom,random-old-and-new-paths,insertion,63,1498,0.00142860412597656,9.451178092,legacy-root-lane,access-plus-rate-deterministic,2,3
2,4,1048576,16777216,1048576,cycle,os-getrandom,random-old-and-new-paths,insertion,64,1469,0.00140094757080078,9.479381319,legacy-root-lane,access-plus-rate-deterministic,2,3
2,4,1048576,16777216,1048576,cycle,os-getrandom,random-old-and-new-paths,insertion,65,1448,0.00138092041015625,9.500154113,legacy-root-lane,access-plus-rate-deterministic,2,3
2,4,1048576,16777216,1048576,cycle,os-getrandom,random-old-and-new-paths,insertion,66,1421,0.00135517120361328,9.527309161,legacy-root-lane,access-plus-rate-deterministic,2,3
2,4,1048576,16777216,1048576,cycle,os-getrandom,random-old-and-new-paths,insertion,67,1381,0.00131702423095703,9.568502396,legacy-root-lane,access-plus-rate-deterministic,2,3
2,4,1048576,16777216,1048576,cycle,os-getrandom,random-old-and-new-paths,insertion,68,1347,0.00128459930419922,9.604465865,legacy-root-lane,access-plus-rate-deterministic,2,3
2,4,1048576,16777216,1048576,cycle,os-getrandom,random-old-and-new-paths,insertion,69,1304,0.00124359130859375,9.651271846,legacy-root-lane,access-plus-rate-deterministic,2,3
2,4,1048576,16777216,1048576,cycle,os-getrandom,random-old-and-new-paths,insertion,70,1268,0.00120925903320312,9.691660970,legacy-root-lane,access-plus-rate-deterministic,2,3
2,4,1048576,16777216,1048576,cycle,os-getrandom,random-old-and-new-paths,insertion,71,1223,0.00116634368896484,9.743791311,legacy-root-lane,access-plus-rate-deterministic,2,3
2,4,1048576,16777216,1048576,cycle,os-getrandom,random-old-and-new-paths,insertion,72,1194,0.00113868713378906,9.778412879,legacy-root-lane,access-plus-rate-deterministic,2,3
2,4,1048576,16777216,1048576,cycle,os-getrandom,random-old-and-new-paths,insertion,73,1159,0.00110530853271484,9.821335149,legacy-root-lane,access-plus-rate-deterministic,2,3
2,4,1048576,16777216,1048576,cycle,os-getrandom,random-old-and-new-paths,insertion,74,1126,0.00107383728027344,9.863008888,legacy-root-lane,access-plus-rate-deterministic,2,3
2,4,1048576,16777216,1048576,cycle,os-getrandom,random-old-and-new-paths,insertion,75,1069,0.00101947784423828,9.937953862,legacy-root-lane,access-plus-rate-deterministic,2,3
2,4,1048576,16777216,1048576,cycle,os-getrandom,random-old-and-new-paths,insertion,76,1032,0.00098419189453125,9.988772745,legacy-root-lane,access-plus-rate-deterministic,2,3
2,4,1048576,16777216,1048576,cycle,os-getrandom,random-old-and-new-paths,insertion,77,989,0.00094318389892578,10.050173289,legacy-root-lane,access-plus-rate-deterministic,2,3
2,4,1048576,16777216,1048576,cycle,os-getrandom,random-old-and-new-paths,insertion,78,968,0.00092315673828125,10.081136763,legacy-root-lane,access-plus-rate-deterministic,2,3
2,4,1048576,16777216,1048576,cycle,os-getrandom,random-old-and-new-paths,insertion,79,950,0.00090599060058594,10.108216297,legacy-root-lane,access-plus-rate-deterministic,2,3
2,4,1048576,16777216,1048576,cycle,os-getrandom,random-old-and-new-paths,insertion,80,930,0.00088691711425781,10.138913094,legacy-root-lane,access-plus-rate-deterministic,2,3
2,4,1048576,16777216,1048576,cycle,os-getrandom,random-old-and-new-paths,insertion,81,903,0.00086116790771484,10.181417823,legacy-root-lane,access-plus-rate-deterministic,2,3
2,4,1048576,16777216,1048576,cycle,os-getrandom,random-old-and-new-paths,insertion,82,882,0.00084114074707031,10.215365154,legacy-root-lane,access-plus-rate-deterministic,2,3
2,4,1048576,16777216,1048576,cycle,os-getrandom,random-old-and-new-paths,insertion,83,867,0.00082683563232422,10.240111817,legacy-root-lane,access-plus-rate-deterministic,2,3
2,4,1048576,16777216,1048576,cycle,os-getrandom,random-old-and-new-paths,insertion,84,839,0.00080013275146484,10.287473000,legacy-root-lane,access-plus-rate-deterministic,2,3
2,4,1048576,16777216,1048576,cycle,os-getrandom,random-old-and-new-paths,insertion,85,811,0.00077342987060547,10.336441896,legacy-root-lane,access-plus-rate-deterministic,2,3
2,4,1048576,16777216,1048576,cycle,os-getrandom,random-old-and-new-paths,insertion,86,787,0.00075054168701172,10.379780174,legacy-root-lane,access-plus-rate-deterministic,2,3
2,4,1048576,16777216,1048576,cycle,os-getrandom,random-old-and-new-paths,insertion,87,762,0.00072669982910156,10.426352813,legacy-root-lane,access-plus-rate-deterministic,2,3
2,4,1048576,16777216,1048576,cycle,os-getrandom,random-old-and-new-paths,insertion,88,732,0.00069808959960938,10.484300162,legacy-root-lane,access-plus-rate-deterministic,2,3
2,4,1048576,16777216,1048576,cycle,os-getrandom,random-old-and-new-paths,insertion,89,703,0.00067043304443359,10.542619121,legacy-root-lane,access-plus-rate-deterministic,2,3
2,4,1048576,16777216,1048576,cycle,os-getrandom,random-old-and-new-paths,insertion,90,684,0.00065231323242188,10.582147485,legacy-root-lane,access-plus-rate-deterministic,2,3
2,4,1048576,16777216,1048576,cycle,os-getrandom,random-old-and-new-paths,insertion,91,657,0.00062656402587891,10.640250440,legacy-root-lane,access-plus-rate-deterministic,2,3
2,4,1048576,16777216,1048576,cycle,os-getrandom,random-old-and-new-paths,insertion,92,629,0.00059986114501953,10.703083793,legacy-root-lane,access-plus-rate-deterministic,2,3
2,4,1048576,16777216,1048576,cycle,os-getrandom,random-old-and-new-paths,insertion,93,602,0.00057411193847656,10.766380323,legacy-root-lane,access-plus-rate-deterministic,2,3
2,4,1048576,16777216,1048576,cycle,os-getrandom,random-old-and-new-paths,insertion,94,577,0.00055027008056641,10.827572491,legacy-root-lane,access-plus-rate-deterministic,2,3
2,4,1048576,16777216,1048576,cycle,os-getrandom,random-old-and-new-paths,insertion,95,540,0.00051498413085938,10.923184403,legacy-root-lane,access-plus-rate-deterministic,2,3
2,4,1048576,16777216,1048576,cycle,os-getrandom,random-old-and-new-paths,insertion,96,512,0.00048828125000000,11.000000000,legacy-root-lane,access-plus-rate-deterministic,2,3
2,4,1048576,16777216,1048576,cycle,os-getrandom,random-old-and-new-paths,insertion,97,486,0.00046348571777344,11.075187496,legacy-root-lane,access-plus-rate-deterministic,2,3
2,4,1048576,16777216,1048576,cycle,os-getrandom,random-old-and-new-paths,insertion,98,452,0.00043106079101562,11.179821038,legacy-root-lane,access-plus-rate-deterministic,2,3
2,4,1048576,16777216,1048576,cycle,os-getrandom,random-old-and-new-paths,insertion,99,419,0.00039958953857422,11.289193566,legacy-root-lane,access-plus-rate-deterministic,2,3
2,4,1048576,16777216,1048576,cycle,os-getrandom,random-old-and-new-paths,insertion,100,389,0.00037097930908203,11.396373655,legacy-root-lane,access-plus-rate-deterministic,2,3
2,4,1048576,16777216,1048576,cycle,os-getrandom,random-old-and-new-paths,insertion,101,351,0.00033473968505859,11.544672780,legacy-root-lane,access-plus-rate-deterministic,2,3
2,4,1048576,16777216,1048576,cycle,os-getrandom,random-old-and-new-paths,insertion,102,315,0.00030040740966797,11.700791982,legacy-root-lane,access-plus-rate-deterministic,2,3
2,4,1048576,16777216,1048576,cycle,os-getrandom,random-old-and-new-paths,insertion,103,279,0.00026607513427734,11.875878688,legacy-root-lane,access-plus-rate-deterministic,2,3
2,4,1048576,16777216,1048576,cycle,os-getrandom,random-old-and-new-paths,insertion,104,258,0.00024604797363281,11.988772745,legacy-root-lane,access-plus-rate-deterministic,2,3
2,4,1048576,16777216,1048576,cycle,os-getrandom,random-old-and-new-paths,insertion,105,228,0.00021743774414062,12.167109986,legacy-root-lane,access-plus-rate-deterministic,2,3
2,4,1048576,16777216,1048576,cycle,os-getrandom,random-old-and-new-paths,insertion,106,200,0.00019073486328125,12.356143810,legacy-root-lane,access-plus-rate-deterministic,2,3
2,4,1048576,16777216,1048576,cycle,os-getrandom,random-old-and-new-paths,insertion,107,179,0.00017070770263672,12.516184223,legacy-root-lane,access-plus-rate-deterministic,2,3
2,4,1048576,16777216,1048576,cycle,os-getrandom,random-old-and-new-paths,insertion,108,159,0.00015163421630859,12.687117045,legacy-root-lane,access-plus-rate-deterministic,2,3
2,4,1048576,16777216,1048576,cycle,os-getrandom,random-old-and-new-paths,insertion,109,146,0.00013923645019531,12.810175441,legacy-root-lane,access-plus-rate-deterministic,2,3
2,4,1048576,16777216,1048576,cycle,os-getrandom,random-old-and-new-paths,insertion,110,130,0.00012397766113281,12.977632187,legacy-root-lane,access-plus-rate-deterministic,2,3
2,4,1048576,16777216,1048576,cycle,os-getrandom,random-old-and-new-paths,insertion,111,121,0.00011539459228516,13.081136763,legacy-root-lane,access-plus-rate-deterministic,2,3
2,4,1048576,16777216,1048576,cycle,os-getrandom,random-old-and-new-paths,insertion,112,112,0.00010681152343750,13.192645078,legacy-root-lane,access-plus-rate-deterministic,2,3
2,4,1048576,16777216,1048576,cycle,os-getrandom,random-old-and-new-paths,insertion,113,96,0.00009155273437500,13.415037499,legacy-root-lane,access-plus-rate-deterministic,2,3
2,4,1048576,16777216,1048576,cycle,os-getrandom,random-old-and-new-paths,insertion,114,84,0.00008010864257812,13.607682577,legacy-root-lane,access-plus-rate-deterministic,2,3
2,4,1048576,16777216,1048576,cycle,os-getrandom,random-old-and-new-paths,insertion,115,62,0.00005912780761719,14.045803690,legacy-root-lane,access-plus-rate-deterministic,2,3
2,4,1048576,16777216,1048576,cycle,os-getrandom,random-old-and-new-paths,insertion,116,40,0.00003814697265625,14.678071905,legacy-root-lane,access-plus-rate-deterministic,2,3
2,4,1048576,16777216,1048576,cycle,os-getrandom,random-old-and-new-paths,insertion,117,24,0.00002288818359375,15.415037499,legacy-root-lane,access-plus-rate-deterministic,2,3
2,4,1048576,16777216,1048576,cycle,os-getrandom,random-old-and-new-paths,insertion,118,8,0.00000762939453125,17.000000000,legacy-root-lane,access-plus-rate-deterministic,2,3
2,4,1048576,16777216,1048576,cycle,os-getrandom,random-old-and-new-paths,insertion,119,0,0.00000000000000000,inf,legacy-root-lane,access-plus-rate-deterministic,2,3
